{"GUID":"006f5807-b8a0-45e8-b409-933859057d22", "Gender":"female", "Title":"Ms.", "GivenName":"Grace", "MiddleInitial":"E", "Surname":"Baty", "StreetAddress":"423 Duffy Street", "City":"Chicago", "State":"IN", "ZipCode":"60601", "Country":"US", "EmailAddress":"GraceEBaty@armyspy.com", "TelephoneNumber":"219-714-2932", "TelephoneCountryCode":"1", "Birthday":"12/23/46", "NationalID":"315-34-3875", "BaseSalary":"82623", "Bonus":"8262", "Department":"Sales", "Status":"Active - Regular Exempt (Full-time)", "ManagerGUID":"07bb968f-e95e-4c40-8889-d88ba6b369d0", "point":{"lat":41.955021, "long":-87.632629}, "HiredDate":"2014-01-24"}