{"GUID":"01114b4c-fd94-4750-96d5-a03a45f01cfc", "Gender":"male", "Title":"Mr.", "GivenName":"Steven", "MiddleInitial":"M", "Surname":"Grant", "StreetAddress":"3978 Keyser Ridge Road", "City":"Thomasville", "State":"NC", "ZipCode":"27360", "Country":"US", "EmailAddress":"StevenMGrant@fleckens.hu", "TelephoneNumber":"336-476-2164", "TelephoneCountryCode":"1", "Birthday":"1/7/48", "NationalID":"244-62-0450", "BaseSalary":"49158", "Bonus":"4916", "Department":"R&D", "Status":"Active - Regular Exempt (Full-time)", "ManagerGUID":"695fdc37-42f1-4c19-9ba1-c4fe87454041", "point":{"lat":35.791882, "long":-80.100426}, "HiredDate":"2017-03-10"}