{"GUID":"015e8acf-6761-4ad0-8581-7a2e3e483efd", "Gender":"female", "Title":"Ms.", "GivenName":"Stella", "MiddleInitial":"E", "Surname":"Gaines", "StreetAddress":"2558 Hamill Avenue", "City":"San Diego", "State":"CA", "ZipCode":"92126", "Country":"US", "EmailAddress":"StellaEGaines@dayrep.com", "TelephoneNumber":"858-271-5383", "TelephoneCountryCode":"1", "Birthday":"2/2/52", "NationalID":"565-74-6831", "BaseSalary":"64620", "Bonus":"6462", "Department":"R&D", "Status":"Active - Regular Exempt (Full-time)", "ManagerGUID":"695fdc37-42f1-4c19-9ba1-c4fe87454041", "point":{"lat":32.945433, "long":-117.039737}, "HiredDate":"2014-07-07"}