{"GUID":"02bb017b-a1b7-4ec9-9c1c-2d75259402eb", "Gender":"male", "Title":"Mr.", "GivenName":"Charles", "MiddleInitial":"M", "Surname":"Sheppard", "StreetAddress":"4691 Grant Street", "City":"Whitehouse", "State":"TX", "ZipCode":"75791", "Country":"US", "EmailAddress":"CharlesMSheppard@armyspy.com", "TelephoneNumber":"903-839-8260", "TelephoneCountryCode":"1", "Birthday":"2/23/66", "NationalID":"464-19-2544", "BaseSalary":"83557", "Bonus":"8356", "Department":"R&D", "Status":"Active - Regular Exempt (Full-time)", "ManagerGUID":"695fdc37-42f1-4c19-9ba1-c4fe87454041", "point":{"lat":32.130475, "long":-95.147592}, "HiredDate":"2017-12-22"}