{"GUID":"02e0b516-47c1-4b85-ab76-3943487ccc01", "Gender":"female", "Title":"Ms.", "GivenName":"Brooke", "MiddleInitial":"L", "Surname":"Calderon", "StreetAddress":"3438 Cottonwood Lane", "City":"Grand Rapids", "State":"MI", "ZipCode":"49503", "Country":"US", "EmailAddress":"BrookeLCalderon@jourrapide.com", "TelephoneNumber":"616-230-7150", "TelephoneCountryCode":"1", "Birthday":"9/15/32", "NationalID":"370-40-9481", "BaseSalary":"33728", "Bonus":"3373", "Department":"Engineering", "Status":"Active - Regular Exempt (Full-time)", "ManagerGUID":"3ad0ffbc-3ade-4897-902b-718417a721f5", "point":{"lat":42.901582, "long":-85.610805}, "HiredDate":"2022-03-08"}