{"GUID":"035f15a2-ff0f-450d-a07a-e60835cff596", "Gender":"male", "Title":"Mr.", "GivenName":"Michael", "MiddleInitial":"A", "Surname":"Watts", "StreetAddress":"4612 Hillside Drive", "City":"Cambridge", "State":"MA", "ZipCode":"2141", "Country":"US", "EmailAddress":"MichaelAWatts@einrot.com", "TelephoneNumber":"339-931-9761", "TelephoneCountryCode":"1", "Birthday":"12/6/91", "NationalID":"013-30-0333", "BaseSalary":"73851", "Bonus":"7385", "Department":"Engineering", "Status":"Active - Regular Exempt (Full-time)", "ManagerGUID":"3ad0ffbc-3ade-4897-902b-718417a721f5", "point":{"lat":42.321144, "long":-71.062997}, "HiredDate":"2015-09-01"}