{"GUID":"03c04426-04e2-458b-9c6b-3ccb381982bc", "Gender":"male", "Title":"Mr.", "GivenName":"Michael", "MiddleInitial":"H", "Surname":"Daniel", "StreetAddress":"4580 Tyler Avenue", "City":"Miami", "State":"FL", "ZipCode":"33179", "Country":"US", "EmailAddress":"MichaelHDaniel@rhyta.com", "TelephoneNumber":"305-345-3800", "TelephoneCountryCode":"1", "Birthday":"10/24/80", "NationalID":"594-57-6517", "BaseSalary":"44461", "Bonus":"4446", "Department":"Sales", "Status":"Active - Regular Exempt (Full-time)", "ManagerGUID":"07bb968f-e95e-4c40-8889-d88ba6b369d0", "point":{"lat":25.860125, "long":-80.265408}, "HiredDate":"2017-09-29"}