{"GUID":"040237a2-b958-4005-ae97-66052c4dffdd", "Gender":"female", "Title":"Mrs.", "GivenName":"Marian", "MiddleInitial":"P", "Surname":"Wright", "StreetAddress":"4111 Dennison Street", "City":"Stockton", "State":"CA", "ZipCode":"95219", "Country":"US", "EmailAddress":"MarianPWright@cuvox.de", "TelephoneNumber":"209-609-2839", "TelephoneCountryCode":"1", "Birthday":"1/14/82", "NationalID":"556-76-5484", "BaseSalary":"67056", "Bonus":"6706", "Department":"R&D", "Status":"Active - Regular Exempt (Full-time)", "ManagerGUID":"695fdc37-42f1-4c19-9ba1-c4fe87454041", "point":{"lat":37.929592, "long":-121.34842}, "HiredDate":"2013-03-21"}