{"GUID":"04633c31-5cc1-448f-8b31-10a743b46ee6", "Gender":"male", "Title":"Mr.", "GivenName":"Tony", "MiddleInitial":"S", "Surname":"Bowers", "StreetAddress":"841 Meadow View Drive", "City":"West Hartford", "State":"CT", "ZipCode":"6107", "Country":"US", "EmailAddress":"TonySBowers@fleckens.hu", "TelephoneNumber":"860-561-3413", "TelephoneCountryCode":"1", "Birthday":"11/17/78", "NationalID":"045-22-9046", "BaseSalary":"46192", "Bonus":"4619", "Department":"R&D", "Status":"Active - Regular Exempt (Full-time)", "ManagerGUID":"695fdc37-42f1-4c19-9ba1-c4fe87454041", "point":{"lat":41.77517, "long":-72.684441}, "HiredDate":"2012-08-29"}