{"GUID":"04de99c7-4142-43f4-a025-4f586681c821", "Gender":"male", "Title":"Mr.", "GivenName":"Douglas", "MiddleInitial":"J", "Surname":"Davis", "StreetAddress":"2244 Terra Street", "City":"Bellingham", "State":"WA", "ZipCode":"98225", "Country":"US", "EmailAddress":"DouglasJDavis@teleworm.us", "TelephoneNumber":"360-319-0753", "TelephoneCountryCode":"1", "Birthday":"2/10/61", "NationalID":"539-45-7805", "BaseSalary":"88208", "Bonus":"8821", "Department":"Marketing", "Status":"Active - Regular Exempt (Full-time)", "ManagerGUID":"d0862e5d-5be6-473b-a500-3e3a852b2bb8", "point":{"lat":48.781281, "long":-122.554852}, "HiredDate":"2020-12-17"}