{"GUID":"0688e96b-55f7-4a8d-a914-c04ec61f586d", "Gender":"female", "Title":"Mrs.", "GivenName":"Frances", "MiddleInitial":"C", "Surname":"Crum", "StreetAddress":"4357 Jail Drive", "City":"Farmer City", "State":"IL", "ZipCode":"61842", "Country":"US", "EmailAddress":"FrancesCCrum@cuvox.de", "TelephoneNumber":"309-928-8584", "TelephoneCountryCode":"1", "Birthday":"4/20/65", "NationalID":"340-52-5088", "BaseSalary":"76988", "Bonus":"7699", "Department":"Sales", "Status":"Active - Regular Exempt (Full-time)", "ManagerGUID":"07bb968f-e95e-4c40-8889-d88ba6b369d0", "point":{"lat":40.167479, "long":-88.734889}, "HiredDate":"2014-03-28"}