{"GUID":"06992663-08a8-4de4-a6b8-f3f4f51da965", "Gender":"male", "Title":"Mr.", "GivenName":"Robert", "MiddleInitial":"J", "Surname":"Wheeler", "StreetAddress":"3329 Hudson Street", "City":"Red Bank", "State":"NJ", "ZipCode":"7701", "Country":"US", "EmailAddress":"RobertJWheeler@armyspy.com", "TelephoneNumber":"973-955-6828", "TelephoneCountryCode":"1", "Birthday":"3/4/71", "NationalID":"148-84-7637", "BaseSalary":"21764", "Bonus":"2176", "Department":"Marketing", "Status":"Active - Regular Exempt (Full-time)", "ManagerGUID":"d0862e5d-5be6-473b-a500-3e3a852b2bb8", "point":{"lat":40.264397, "long":-73.98802}, "HiredDate":"2019-06-01"}