{"GUID":"06ea2132-2bf7-40ba-9e85-f3e4b41879df", "Gender":"female", "Title":"Ms.", "GivenName":"Traci", "MiddleInitial":"M", "Surname":"Morales", "StreetAddress":"4373 Windy Ridge Road", "City":"Plymouth", "State":"IN", "ZipCode":"46563", "Country":"US", "EmailAddress":"TraciMMorales@dayrep.com", "TelephoneNumber":"260-609-7739", "TelephoneCountryCode":"1", "Birthday":"10/24/39", "NationalID":"312-38-4095", "BaseSalary":"4980", "Bonus":"498", "Department":"R&D", "Status":"Active - Regular Exempt (Full-time)", "ManagerGUID":"695fdc37-42f1-4c19-9ba1-c4fe87454041", "point":{"lat":41.449171, "long":-86.39597}, "HiredDate":"2021-08-09"}