{"GUID":"072bdefe-da7a-4bf1-8d8b-5efee0ebb33e", "Gender":"female", "Title":"Ms.", "GivenName":"Ethel", "MiddleInitial":"J", "Surname":"Hughes", "StreetAddress":"989 University Hill Road", "City":"Mattoon", "State":"IL", "ZipCode":"61938", "Country":"US", "EmailAddress":"EthelJHughes@einrot.com", "TelephoneNumber":"217-565-7774", "TelephoneCountryCode":"1", "Birthday":"12/22/89", "NationalID":"354-32-0137", "BaseSalary":"33060", "Bonus":"3306", "Department":"R&D", "Status":"Active - Regular Exempt (Full-time)", "ManagerGUID":"695fdc37-42f1-4c19-9ba1-c4fe87454041", "point":{"lat":39.497155, "long":-88.366924}, "HiredDate":"2016-07-30"}