{"GUID":"093caccf-f7ed-4572-a8fa-6390caf4d20e", "Gender":"male", "Title":"Mr.", "GivenName":"Bryant", "MiddleInitial":"S", "Surname":"Antonelli", "StreetAddress":"78 Eagle Drive", "City":"Detroit", "State":"MI", "ZipCode":"48226", "Country":"US", "EmailAddress":"BryantSAntonelli@cuvox.de", "TelephoneNumber":"734-834-7428", "TelephoneCountryCode":"1", "Birthday":"11/1/83", "NationalID":"370-74-2756", "BaseSalary":"53460", "Bonus":"5346", "Department":"Engineering", "Status":"Active - Regular Exempt (Full-time)", "ManagerGUID":"3ad0ffbc-3ade-4897-902b-718417a721f5", "point":{"lat":42.410005, "long":-83.075367}, "HiredDate":"2014-09-21"}