{"GUID":"0ac5f063-b03a-4a09-8350-8e6ec9b88856", "Gender":"female", "Title":"Ms.", "GivenName":"Diamond", "MiddleInitial":"C", "Surname":"Conklin", "StreetAddress":"4996 Mutton Town Road", "City":"Tukwila", "State":"WA", "ZipCode":"98168", "Country":"US", "EmailAddress":"DiamondCConklin@rhyta.com", "TelephoneNumber":"360-637-0463", "TelephoneCountryCode":"1", "Birthday":"6/3/66", "NationalID":"536-64-4375", "BaseSalary":"41724", "Bonus":"4172", "Department":"Sales", "Status":"Active - Regular Exempt (Full-time)", "ManagerGUID":"07bb968f-e95e-4c40-8889-d88ba6b369d0", "point":{"lat":47.551747, "long":-122.312509}, "HiredDate":"2019-06-22"}