{"GUID":"0b2e5a71-61fa-4a32-ab24-7019e4981a5a", "Gender":"male", "Title":"Mr.", "GivenName":"Dean", "MiddleInitial":"K", "Surname":"Packard", "StreetAddress":"2139 White Lane", "City":"Macon", "State":"GA", "ZipCode":"31201", "Country":"US", "EmailAddress":"DeanKPackard@cuvox.de", "TelephoneNumber":"478-750-7183", "TelephoneCountryCode":"1", "Birthday":"4/8/60", "NationalID":"671-05-9606", "BaseSalary":"25172", "Bonus":"2517", "Department":"Sales", "Status":"Active - Regular Exempt (Full-time)", "ManagerGUID":"07bb968f-e95e-4c40-8889-d88ba6b369d0", "point":{"lat":32.831234, "long":-83.612594}, "HiredDate":"2015-11-05"}