{"GUID":"0b62d81b-9143-4407-a034-3eacf6e0981f", "Gender":"female", "Title":"Ms.", "GivenName":"Emily", "MiddleInitial":"J", "Surname":"Smith", "StreetAddress":"4197 Fairfield Road", "City":"West Allis", "State":"WI", "ZipCode":"53227", "Country":"US", "EmailAddress":"EmilyJSmith@teleworm.us", "TelephoneNumber":"262-623-1485", "TelephoneCountryCode":"1", "Birthday":"9/1/96", "NationalID":"395-50-8773", "BaseSalary":"90458", "Bonus":"9046", "Department":"Marketing", "Status":"Active - Regular Exempt (Full-time)", "ManagerGUID":"d0862e5d-5be6-473b-a500-3e3a852b2bb8", "point":{"lat":43.105199, "long":-87.920163}, "HiredDate":"2016-11-03"}