{"GUID":"0bfaff50-d61b-4c9d-8fe4-514b4445171c", "Gender":"female", "Title":"Ms.", "GivenName":"Terrell", "MiddleInitial":"H", "Surname":"Weeks", "StreetAddress":"1908 Short Street", "City":"Bastrop", "State":"TX", "ZipCode":"78701", "Country":"US", "EmailAddress":"TerrellHWeeks@jourrapide.com", "TelephoneNumber":"512-988-0205", "TelephoneCountryCode":"1", "Birthday":"8/18/52", "NationalID":"454-91-1008", "BaseSalary":"45871", "Bonus":"4587", "Department":"R&D", "Status":"Active - Regular Exempt (Full-time)", "ManagerGUID":"695fdc37-42f1-4c19-9ba1-c4fe87454041", "point":{"lat":30.051072, "long":-97.288151}, "HiredDate":"2020-03-19"}