{"GUID":"0c16fb92-5b6e-425c-a3db-e383a3475389", "Gender":"male", "Title":"Mr.", "GivenName":"Joseph", "MiddleInitial":"J", "Surname":"Johnson", "StreetAddress":"2912 Providence Lane", "City":"South Pasadena", "State":"CA", "ZipCode":"91030", "Country":"US", "EmailAddress":"JosephJJohnson@fleckens.hu", "TelephoneNumber":"626-799-6247", "TelephoneCountryCode":"1", "Birthday":"12/5/73", "NationalID":"623-03-4307", "BaseSalary":"78299", "Bonus":"7830", "Department":"Engineering", "Status":"Active - Regular Exempt (Full-time)", "ManagerGUID":"3ad0ffbc-3ade-4897-902b-718417a721f5", "point":{"lat":34.028497, "long":-118.225475}, "HiredDate":"2018-12-14"}