{"GUID":"0c1c8189-b617-4158-8241-04a15dba742b", "Gender":"male", "Title":"Mr.", "GivenName":"Stephen", "MiddleInitial":"A", "Surname":"Chitwood", "StreetAddress":"1827 Barrington Court", "City":"Harrisburg", "State":"AR", "ZipCode":"72432", "Country":"US", "EmailAddress":"StephenAChitwood@teleworm.us", "TelephoneNumber":"870-578-9331", "TelephoneCountryCode":"1", "Birthday":"1/19/36", "NationalID":"679-09-4418", "BaseSalary":"43485", "Bonus":"4349", "Department":"Marketing", "Status":"Active - Regular Exempt (Full-time)", "ManagerGUID":"d0862e5d-5be6-473b-a500-3e3a852b2bb8", "point":{"lat":35.492669, "long":-90.790867}, "HiredDate":"2014-12-11"}