{"GUID":"0c38605a-4373-46f3-b50c-30a93c1a3075", "Gender":"male", "Title":"Mr.", "GivenName":"Jesus", "MiddleInitial":"K", "Surname":"Smith", "StreetAddress":"3587 Ersel Street", "City":"Dallas", "State":"TX", "ZipCode":"75225", "Country":"US", "EmailAddress":"JesusKSmith@rhyta.com", "TelephoneNumber":"214-373-0508", "TelephoneCountryCode":"1", "Birthday":"10/7/77", "NationalID":"467-44-9398", "BaseSalary":"93122", "Bonus":"9312", "Department":"Engineering", "Status":"Active - Regular Exempt (Full-time)", "ManagerGUID":"3ad0ffbc-3ade-4897-902b-718417a721f5", "point":{"lat":32.781279, "long":-96.822413}, "HiredDate":"2022-08-14"}