{"GUID":"0c70bb1f-68cd-4e13-b3b9-72103c3822c5", "Gender":"female", "Title":"Ms.", "GivenName":"Stephanie", "MiddleInitial":"B", "Surname":"Rowe", "StreetAddress":"3574 Feathers Hooves Drive", "City":"Bethpage", "State":"NY", "ZipCode":"11714", "Country":"US", "EmailAddress":"StephanieBRowe@superrito.com", "TelephoneNumber":"631-648-7055", "TelephoneCountryCode":"1", "Birthday":"8/3/76", "NationalID":"126-64-0291", "BaseSalary":"46940", "Bonus":"4694", "Department":"Marketing", "Status":"Active - Regular Exempt (Full-time)", "ManagerGUID":"d0862e5d-5be6-473b-a500-3e3a852b2bb8", "point":{"lat":40.684634, "long":-73.437353}, "HiredDate":"2016-03-28"}