{"GUID":"0ddc36c0-b7ca-4c30-8b7b-521c52fc41a2", "Gender":"female", "Title":"Ms.", "GivenName":"Frances", "MiddleInitial":"R", "Surname":"Wagner", "StreetAddress":"1997 Upland Avenue", "City":"Caledonia", "State":"OH", "ZipCode":"43314", "Country":"US", "EmailAddress":"FrancesRWagner@gustr.com", "TelephoneNumber":"419-845-2929", "TelephoneCountryCode":"1", "Birthday":"2/1/49", "NationalID":"283-84-1043", "BaseSalary":"57456", "Bonus":"5746", "Department":"R&D", "Status":"Active - Regular Exempt (Full-time)", "ManagerGUID":"695fdc37-42f1-4c19-9ba1-c4fe87454041", "point":{"lat":40.704836, "long":-83.011703}, "HiredDate":"2022-10-09"}