{"GUID":"0e0decb6-a045-4d99-935f-83fcfe66ebe5", "Gender":"female", "Title":"Ms.", "GivenName":"Miranda", "MiddleInitial":"T", "Surname":"Jenkinson", "StreetAddress":"4226 Matthews Street", "City":"Massbach", "State":"IL", "ZipCode":"61028", "Country":"US", "EmailAddress":"MirandaTJenkinson@jourrapide.com", "TelephoneNumber":"815-598-2369", "TelephoneCountryCode":"1", "Birthday":"10/4/34", "NationalID":"359-64-7704", "BaseSalary":"47660", "Bonus":"4766", "Department":"Marketing", "Status":"Active - Regular Exempt (Full-time)", "ManagerGUID":"d0862e5d-5be6-473b-a500-3e3a852b2bb8", "point":{"lat":42.31567, "long":-90.170763}, "HiredDate":"2015-07-03"}