{"GUID":"0e770230-041f-42b7-adce-5e0c8f8efb30", "Gender":"female", "Title":"Ms.", "GivenName":"Joyce", "MiddleInitial":"R", "Surname":"Russ", "StreetAddress":"3417 Roy Alley", "City":"Englewood", "State":"CO", "ZipCode":"80112", "Country":"US", "EmailAddress":"JoyceRRuss@gustr.com", "TelephoneNumber":"303-858-0517", "TelephoneCountryCode":"1", "Birthday":"5/1/87", "NationalID":"523-30-5174", "BaseSalary":"65899", "Bonus":"6590", "Department":"Marketing", "Status":"Active - Regular Exempt (Full-time)", "ManagerGUID":"d0862e5d-5be6-473b-a500-3e3a852b2bb8", "point":{"lat":39.569756, "long":-104.82361}, "HiredDate":"2017-03-20"}