{"GUID":"0f058f55-c3a6-4fc2-b0cc-f0f006d142e9", "Gender":"female", "Title":"Mrs.", "GivenName":"Edith", "MiddleInitial":"R", "Surname":"Reaper", "StreetAddress":"4832 Sharon Lane", "City":"Plymouth", "State":"IN", "ZipCode":"46563", "Country":"US", "EmailAddress":"EdithRReaper@dayrep.com", "TelephoneNumber":"574-248-1260", "TelephoneCountryCode":"1", "Birthday":"9/18/54", "NationalID":"310-80-3172", "BaseSalary":"50796", "Bonus":"5080", "Department":"Marketing", "Status":"Active - Regular Exempt (Full-time)", "ManagerGUID":"d0862e5d-5be6-473b-a500-3e3a852b2bb8", "point":{"lat":41.260063, "long":-86.243025}, "HiredDate":"2015-09-08"}