{"GUID":"0f063a05-0df5-4f64-8d50-45b935a8d314", "Gender":"female", "Title":"Mrs.", "GivenName":"Penny", "MiddleInitial":"F", "Surname":"Anderson", "StreetAddress":"2455 Ashton Lane", "City":"Austin", "State":"TX", "ZipCode":"78701", "Country":"US", "EmailAddress":"PennyFAnderson@jourrapide.com", "TelephoneNumber":"512-548-8855", "TelephoneCountryCode":"1", "Birthday":"2/13/43", "NationalID":"628-50-7885", "BaseSalary":"84448", "Bonus":"8445", "Department":"R&D", "Status":"Active - Regular Exempt (Full-time)", "ManagerGUID":"695fdc37-42f1-4c19-9ba1-c4fe87454041", "point":{"lat":30.258296, "long":-97.830292}, "HiredDate":"2019-02-14"}