{"GUID":"0f73ec36-78f0-428c-9c41-91e810fd1e9f", "Gender":"female", "Title":"Mrs.", "GivenName":"Faye", "MiddleInitial":"R", "Surname":"Johnson", "StreetAddress":"1857 Crestview Terrace", "City":"Victoria", "State":"TX", "ZipCode":"77901", "Country":"US", "EmailAddress":"FayeRJohnson@fleckens.hu", "TelephoneNumber":"830-668-9277", "TelephoneCountryCode":"1", "Birthday":"5/10/79", "NationalID":"644-52-5943", "BaseSalary":"79288", "Bonus":"7929", "Department":"Engineering", "Status":"Active - Regular Exempt (Full-time)", "ManagerGUID":"3ad0ffbc-3ade-4897-902b-718417a721f5", "point":{"lat":28.728138, "long":-97.025953}, "HiredDate":"2018-03-31"}