{"GUID":"103cc469-3b2f-46f6-8c40-80fe6fffdd09", "Gender":"female", "Title":"Ms.", "GivenName":"Margaret", "MiddleInitial":"J", "Surname":"Winston", "StreetAddress":"2550 Smithfield Avenue", "City":"Amarillo", "State":"TX", "ZipCode":"79101", "Country":"US", "EmailAddress":"MargaretJWinston@jourrapide.com", "TelephoneNumber":"806-680-6786", "TelephoneCountryCode":"1", "Birthday":"10/6/67", "NationalID":"634-36-6263", "BaseSalary":"70856", "Bonus":"7086", "Department":"R&D", "Status":"Active - Regular Exempt (Full-time)", "ManagerGUID":"695fdc37-42f1-4c19-9ba1-c4fe87454041", "point":{"lat":35.27679, "long":-101.746725}, "HiredDate":"2017-12-23"}