{"GUID":"10b41489-52b6-4855-829a-6ba441dc9c20", "Gender":"male", "Title":"Mr.", "GivenName":"Jerome", "MiddleInitial":"C", "Surname":"Diaz", "StreetAddress":"4623 Michigan Avenue", "City":"Connellsville", "State":"PA", "ZipCode":"15425", "Country":"US", "EmailAddress":"JeromeCDiaz@fleckens.hu", "TelephoneNumber":"724-628-8291", "TelephoneCountryCode":"1", "Birthday":"7/14/67", "NationalID":"168-62-6370", "BaseSalary":"54737", "Bonus":"5474", "Department":"R&D", "Status":"Active - Regular Exempt (Full-time)", "ManagerGUID":"695fdc37-42f1-4c19-9ba1-c4fe87454041", "point":{"lat":39.939969, "long":-79.623266}, "HiredDate":"2015-05-20"}