{"GUID":"113f6797-6b1b-4bdb-bc3c-528703276a13", "Gender":"female", "Title":"Mrs.", "GivenName":"Nettie", "MiddleInitial":"D", "Surname":"Ruiz", "StreetAddress":"3487 Karen Lane", "City":"Portland", "State":"OR", "ZipCode":"97205", "Country":"US", "EmailAddress":"NettieDRuiz@armyspy.com", "TelephoneNumber":"503-228-1190", "TelephoneCountryCode":"1", "Birthday":"8/11/64", "NationalID":"542-36-5859", "BaseSalary":"72949", "Bonus":"7295", "Department":"Engineering", "Status":"Active - Regular Exempt (Full-time)", "ManagerGUID":"3ad0ffbc-3ade-4897-902b-718417a721f5", "point":{"lat":45.486116, "long":-122.636685}, "HiredDate":"2015-09-06"}