{"GUID":"12310d37-884b-424d-b507-f9ff1dd4f7c7", "Gender":"male", "Title":"Mr.", "GivenName":"Jose", "MiddleInitial":"M", "Surname":"Bond", "StreetAddress":"1831 Mattson Street", "City":"Portland", "State":"OR", "ZipCode":"97230", "Country":"US", "EmailAddress":"JoseMBond@jourrapide.com", "TelephoneNumber":"503-347-3940", "TelephoneCountryCode":"1", "Birthday":"2/27/52", "NationalID":"544-58-8700", "BaseSalary":"95871", "Bonus":"9587", "Department":"Sales", "Status":"Active - Regular Exempt (Full-time)", "ManagerGUID":"07bb968f-e95e-4c40-8889-d88ba6b369d0", "point":{"lat":45.485745, "long":-122.417333}, "HiredDate":"2022-09-29"}