{"GUID":"13727efa-f51e-4d4d-8037-d8a736ad1cc0", "Gender":"male", "Title":"Mr.", "GivenName":"Steven", "MiddleInitial":"T", "Surname":"Davis", "StreetAddress":"868 Alexander Drive", "City":"Denton", "State":"TX", "ZipCode":"76201", "Country":"US", "EmailAddress":"StevenTDavis@armyspy.com", "TelephoneNumber":"940-442-2237", "TelephoneCountryCode":"1", "Birthday":"1/29/54", "NationalID":"632-30-5534", "BaseSalary":"84056", "Bonus":"8406", "Department":"Marketing", "Status":"Active - Regular Exempt (Full-time)", "ManagerGUID":"d0862e5d-5be6-473b-a500-3e3a852b2bb8", "point":{"lat":33.167376, "long":-97.222458}, "HiredDate":"2018-02-08"}