{"GUID":"13d049ad-18a4-4773-8088-622e07e2bae6", "Gender":"male", "Title":"Dr.", "GivenName":"John", "MiddleInitial":"R", "Surname":"Stephens", "StreetAddress":"4742 Williams Mine Road", "City":"Rochelle Park", "State":"NJ", "ZipCode":"7662", "Country":"US", "EmailAddress":"JohnRStephens@rhyta.com", "TelephoneNumber":"908-247-9854", "TelephoneCountryCode":"1", "Birthday":"12/29/80", "NationalID":"135-36-4239", "BaseSalary":"73172", "Bonus":"7317", "Department":"Sales", "Status":"Active - Regular Exempt (Full-time)", "ManagerGUID":"07bb968f-e95e-4c40-8889-d88ba6b369d0", "point":{"lat":40.939535, "long":-74.07394}, "HiredDate":"2019-03-20"}