{"GUID":"13fde99b-5fef-4eb3-b99a-1a6361e21c4b", "Gender":"female", "Title":"Mrs.", "GivenName":"Marlene", "MiddleInitial":"W", "Surname":"McGee", "StreetAddress":"1615 Sunset Drive", "City":"Louann", "State":"AR", "ZipCode":"71751", "Country":"US", "EmailAddress":"MarleneWMcGee@einrot.com", "TelephoneNumber":"870-689-4620", "TelephoneCountryCode":"1", "Birthday":"3/30/68", "NationalID":"431-47-6167", "BaseSalary":"82186", "Bonus":"8219", "Department":"R&D", "Status":"Active - Regular Exempt (Full-time)", "ManagerGUID":"695fdc37-42f1-4c19-9ba1-c4fe87454041", "point":{"lat":33.403059, "long":-92.781166}, "HiredDate":"2015-08-23"}