{"GUID":"14775c4a-6fc0-43ec-bcfb-a75971aaa8be", "Gender":"male", "Title":"Mr.", "GivenName":"Ramon", "MiddleInitial":"K", "Surname":"Carroll", "StreetAddress":"3628 Monroe Street", "City":"Houston", "State":"TX", "ZipCode":"77026", "Country":"US", "EmailAddress":"RamonKCarroll@jourrapide.com", "TelephoneNumber":"713-402-0695", "TelephoneCountryCode":"1", "Birthday":"1/16/66", "NationalID":"464-18-5183", "BaseSalary":"65678", "Bonus":"6568", "Department":"Marketing", "Status":"Active - Regular Exempt (Full-time)", "ManagerGUID":"d0862e5d-5be6-473b-a500-3e3a852b2bb8", "point":{"lat":29.838452, "long":-95.418485}, "HiredDate":"2012-04-10"}