{"GUID":"14edc762-7919-44f6-93cb-72ee6a440561", "Gender":"female", "Title":"Mrs.", "GivenName":"Cheryl", "MiddleInitial":"J", "Surname":"Cox", "StreetAddress":"366 Don Jackson Lane", "City":"Flint", "State":"MI", "ZipCode":"48548", "Country":"US", "EmailAddress":"CherylJCox@dayrep.com", "TelephoneNumber":"810-328-6872", "TelephoneCountryCode":"1", "Birthday":"3/26/68", "NationalID":"362-96-6677", "BaseSalary":"46560", "Bonus":"4656", "Department":"R&D", "Status":"Active - Regular Exempt (Full-time)", "ManagerGUID":"695fdc37-42f1-4c19-9ba1-c4fe87454041", "point":{"lat":42.996071, "long":-83.724446}, "HiredDate":"2015-08-18"}