{"GUID":"15343ebe-083b-4577-836a-f313ddb36ca8", "Gender":"female", "Title":"Mrs.", "GivenName":"Maria", "MiddleInitial":"C", "Surname":"Allison", "StreetAddress":"209 Rocket Drive", "City":"Minneapolis", "State":"MN", "ZipCode":"55406", "Country":"US", "EmailAddress":"MariaCAllison@armyspy.com", "TelephoneNumber":"612-845-8316", "TelephoneCountryCode":"1", "Birthday":"1/20/65", "NationalID":"468-26-6819", "BaseSalary":"33514", "Bonus":"3351", "Department":"Sales", "Status":"Active - Regular Exempt (Full-time)", "ManagerGUID":"07bb968f-e95e-4c40-8889-d88ba6b369d0", "point":{"lat":44.983148, "long":-93.230665}, "HiredDate":"2015-09-19"}