{"GUID":"158224a7-e1d2-4587-8262-e7134b1c5749", "Gender":"male", "Title":"Mr.", "GivenName":"Peter", "MiddleInitial":"S", "Surname":"Davis", "StreetAddress":"3460 Tail Ends Road", "City":"Green Bay", "State":"WI", "ZipCode":"54303", "Country":"US", "EmailAddress":"PeterSDavis@rhyta.com", "TelephoneNumber":"920-591-3290", "TelephoneCountryCode":"1", "Birthday":"4/9/56", "NationalID":"389-36-6737", "BaseSalary":"51184", "Bonus":"5118", "Department":"Sales", "Status":"Active - Regular Exempt (Full-time)", "ManagerGUID":"07bb968f-e95e-4c40-8889-d88ba6b369d0", "point":{"lat":44.599199, "long":-88.121812}, "HiredDate":"2022-03-30"}