{"GUID":"168e73ed-cd85-4191-bc93-6431cb7cfc78", "Gender":"female", "Title":"Mrs.", "GivenName":"Marilyn", "MiddleInitial":"G", "Surname":"Davis", "StreetAddress":"1255 Birch  Street", "City":"El Paso", "State":"TX", "ZipCode":"79901", "Country":"US", "EmailAddress":"MarilynGDavis@rhyta.com", "TelephoneNumber":"915-542-7145", "TelephoneCountryCode":"1", "Birthday":"7/26/32", "NationalID":"463-23-2987", "BaseSalary":"91472", "Bonus":"9147", "Department":"R&D", "Status":"Active - Regular Exempt (Full-time)", "ManagerGUID":"695fdc37-42f1-4c19-9ba1-c4fe87454041", "point":{"lat":31.777406, "long":-106.487789}, "HiredDate":"2020-01-03"}