{"GUID":"173bec4d-2dc8-4ade-aa95-a70e9eb66c61", "Gender":"male", "Title":"Mr.", "GivenName":"Robert", "MiddleInitial":"K", "Surname":"Mobley", "StreetAddress":"903 Nutters Barn Lane", "City":"Des Moines", "State":"IA", "ZipCode":"50313", "Country":"US", "EmailAddress":"RobertKMobley@superrito.com", "TelephoneNumber":"515-669-3768", "TelephoneCountryCode":"1", "Birthday":"12/23/59", "NationalID":"480-03-8927", "BaseSalary":"53528", "Bonus":"5353", "Department":"Engineering", "Status":"Active - Regular Exempt (Full-time)", "ManagerGUID":"3ad0ffbc-3ade-4897-902b-718417a721f5", "point":{"lat":41.608805, "long":-93.52968}, "HiredDate":"2020-05-31"}