{"GUID":"1781b813-551f-4aff-bd57-9253409fb252", "Gender":"female", "Title":"Ms.", "GivenName":"Shirley", "MiddleInitial":"J", "Surname":"Jackson", "StreetAddress":"1120 Coffman Alley", "City":"Elizabethtown", "State":"KY", "ZipCode":"42701", "Country":"US", "EmailAddress":"ShirleyJJackson@gustr.com", "TelephoneNumber":"270-739-6008", "TelephoneCountryCode":"1", "Birthday":"6/21/70", "NationalID":"403-72-8319", "BaseSalary":"57968", "Bonus":"5797", "Department":"Sales", "Status":"Active - Regular Exempt (Full-time)", "ManagerGUID":"07bb968f-e95e-4c40-8889-d88ba6b369d0", "point":{"lat":37.745586, "long":-85.918384}, "HiredDate":"2016-09-28"}