{"GUID":"185e87dd-83e5-4e9e-9f5f-b1e212cf1997", "Gender":"male", "Title":"Mr.", "GivenName":"Derek", "MiddleInitial":"M", "Surname":"Carter", "StreetAddress":"4947 Jewell Road", "City":"Minneapolis", "State":"MN", "ZipCode":"55415", "Country":"US", "EmailAddress":"DerekMCarter@superrito.com", "TelephoneNumber":"612-600-2396", "TelephoneCountryCode":"1", "Birthday":"9/18/66", "NationalID":"475-82-5076", "BaseSalary":"41624", "Bonus":"4162", "Department":"Engineering", "Status":"Active - Regular Exempt (Full-time)", "ManagerGUID":"3ad0ffbc-3ade-4897-902b-718417a721f5", "point":{"lat":44.958111, "long":-93.302878}, "HiredDate":"2017-11-05"}