{"GUID":"186d5f71-f951-4453-9ba1-f95ed49f6012", "Gender":"female", "Title":"Ms.", "GivenName":"Merry", "MiddleInitial":"R", "Surname":"Banks", "StreetAddress":"1456 Cedarstone Drive", "City":"Risingsun", "State":"OH", "ZipCode":"43457", "Country":"US", "EmailAddress":"MerryRBanks@fleckens.hu", "TelephoneNumber":"419-457-4939", "TelephoneCountryCode":"1", "Birthday":"4/26/97", "NationalID":"282-20-2751", "BaseSalary":"47076", "Bonus":"4708", "Department":"R&D", "Status":"Active - Regular Exempt (Full-time)", "ManagerGUID":"695fdc37-42f1-4c19-9ba1-c4fe87454041", "point":{"lat":41.175163, "long":-83.437222}, "HiredDate":"2016-03-03"}