{"GUID":"18d12226-f9da-4f0c-8c14-13063ba20f3d", "Gender":"male", "Title":"Mr.", "GivenName":"James", "MiddleInitial":"T", "Surname":"Leake", "StreetAddress":"1043 Kinney Street", "City":"Holyoke", "State":"MA", "ZipCode":"1040", "Country":"US", "EmailAddress":"JamesTLeake@superrito.com", "TelephoneNumber":"413-536-0334", "TelephoneCountryCode":"1", "Birthday":"2/24/84", "NationalID":"018-24-7955", "BaseSalary":"40411", "Bonus":"4041", "Department":"Engineering", "Status":"Active - Regular Exempt (Full-time)", "ManagerGUID":"3ad0ffbc-3ade-4897-902b-718417a721f5", "point":{"lat":42.250949, "long":-72.551171}, "HiredDate":"2016-02-20"}