{"GUID":"19300609-684a-4824-83f9-950e48def31e", "Gender":"female", "Title":"Mrs.", "GivenName":"Danelle", "MiddleInitial":"R", "Surname":"Deaton", "StreetAddress":"886 Gambler Lane", "City":"Houston", "State":"TX", "ZipCode":"77056", "Country":"US", "EmailAddress":"DanelleRDeaton@jourrapide.com", "TelephoneNumber":"281-940-2166", "TelephoneCountryCode":"1", "Birthday":"9/11/73", "NationalID":"458-49-8949", "BaseSalary":"94907", "Bonus":"9491", "Department":"Engineering", "Status":"Active - Regular Exempt (Full-time)", "ManagerGUID":"3ad0ffbc-3ade-4897-902b-718417a721f5", "point":{"lat":29.700791, "long":-95.565766}, "HiredDate":"2021-02-15"}