{"GUID":"1977bf6d-23c7-4da9-bf34-3066185423ca", "Gender":"male", "Title":"Mr.", "GivenName":"Richard", "MiddleInitial":"M", "Surname":"Carson", "StreetAddress":"3073 Thompson Drive", "City":"San Francisco", "State":"CA", "ZipCode":"94107", "Country":"US", "EmailAddress":"RichardMCarson@fleckens.hu", "TelephoneNumber":"510-474-2395", "TelephoneCountryCode":"1", "Birthday":"2/3/37", "NationalID":"559-16-8794", "BaseSalary":"86873", "Bonus":"8687", "Department":"R&D", "Status":"Active - Regular Exempt (Full-time)", "ManagerGUID":"695fdc37-42f1-4c19-9ba1-c4fe87454041", "point":{"lat":37.783793, "long":-122.374887}, "HiredDate":"2018-04-20"}