{"GUID":"1a828086-fe74-4c30-afe7-4c09fe33645e", "Gender":"female", "Title":"Mrs.", "GivenName":"Kelli", "MiddleInitial":"J", "Surname":"Thompson", "StreetAddress":"4999 Randolph Street", "City":"Cambridge", "State":"MA", "ZipCode":"2142", "Country":"US", "EmailAddress":"KelliJThompson@cuvox.de", "TelephoneNumber":"508-686-5783", "TelephoneCountryCode":"1", "Birthday":"8/11/97", "NationalID":"033-74-3144", "BaseSalary":"96409", "Bonus":"9641", "Department":"R&D", "Status":"Active - Regular Exempt (Full-time)", "ManagerGUID":"695fdc37-42f1-4c19-9ba1-c4fe87454041", "point":{"lat":42.311356, "long":-71.151753}, "HiredDate":"2012-07-08"}