{"GUID":"1ab32110-81c8-46ae-9aed-9fccd02d8ac3", "Gender":"male", "Title":"Mr.", "GivenName":"Quinton", "MiddleInitial":"M", "Surname":"Richburg", "StreetAddress":"3636 Stark Hollow Road", "City":"Centennial", "State":"CO", "ZipCode":"80112", "Country":"US", "EmailAddress":"QuintonMRichburg@fleckens.hu", "TelephoneNumber":"970-985-9904", "TelephoneCountryCode":"1", "Birthday":"12/26/86", "NationalID":"524-86-2409", "BaseSalary":"77085", "Bonus":"7709", "Department":"R&D", "Status":"Active - Regular Exempt (Full-time)", "ManagerGUID":"695fdc37-42f1-4c19-9ba1-c4fe87454041", "point":{"lat":39.574108, "long":-104.815136}, "HiredDate":"2016-01-30"}