{"GUID":"1acacf12-d464-4efa-9283-5c510b75bafa", "Gender":"female", "Title":"Ms.", "GivenName":"Mildred", "MiddleInitial":"E", "Surname":"Sauls", "StreetAddress":"2771 Lakeland Park Drive", "City":"Roswell", "State":"GA", "ZipCode":"30075", "Country":"US", "EmailAddress":"MildredESauls@superrito.com", "TelephoneNumber":"770-641-7393", "TelephoneCountryCode":"1", "Birthday":"1/12/81", "NationalID":"667-16-6622", "BaseSalary":"51912", "Bonus":"5191", "Department":"R&D", "Status":"Active - Regular Exempt (Full-time)", "ManagerGUID":"695fdc37-42f1-4c19-9ba1-c4fe87454041", "point":{"lat":34.083641, "long":-84.363242}, "HiredDate":"2014-11-06"}