{"GUID":"1b2ad194-01e3-44c2-b34a-35dc4d0460e8", "Gender":"male", "Title":"Mr.", "GivenName":"Cesar", "MiddleInitial":"G", "Surname":"Bird", "StreetAddress":"4822 New York Avenue", "City":"Calabasas", "State":"CA", "ZipCode":"91302", "Country":"US", "EmailAddress":"CesarGBird@armyspy.com", "TelephoneNumber":"818-224-3159", "TelephoneCountryCode":"1", "Birthday":"1/31/39", "NationalID":"605-19-4740", "BaseSalary":"87791", "Bonus":"8779", "Department":"Engineering", "Status":"Active - Regular Exempt (Full-time)", "ManagerGUID":"3ad0ffbc-3ade-4897-902b-718417a721f5", "point":{"lat":34.102264, "long":-118.666361}, "HiredDate":"2016-01-09"}