{"GUID":"1b340cec-62c2-4f7f-b437-39490a4c48c1", "Gender":"male", "Title":"Mr.", "GivenName":"Jeffry", "MiddleInitial":"C", "Surname":"Pafford", "StreetAddress":"2154 Worthington Drive", "City":"Forney", "State":"TX", "ZipCode":"75126", "Country":"US", "EmailAddress":"JeffryCPafford@teleworm.us", "TelephoneNumber":"972-564-5854", "TelephoneCountryCode":"1", "Birthday":"11/9/89", "NationalID":"464-80-8082", "BaseSalary":"51138", "Bonus":"5114", "Department":"Marketing", "Status":"Active - Regular Exempt (Full-time)", "ManagerGUID":"d0862e5d-5be6-473b-a500-3e3a852b2bb8", "point":{"lat":32.678682, "long":-96.473614}, "HiredDate":"2016-03-18"}