{"GUID":"1c22d5c4-3edb-4b2b-9abd-6e60be1fdaa2", "Gender":"male", "Title":"Mr.", "GivenName":"Cory", "MiddleInitial":"C", "Surname":"Kennedy", "StreetAddress":"565 Chestnut Street", "City":"Moon Lake", "State":"FL", "ZipCode":"33568", "Country":"US", "EmailAddress":"CoryCKennedy@gustr.com", "TelephoneNumber":"727-379-3228", "TelephoneCountryCode":"1", "Birthday":"7/14/68", "NationalID":"767-12-0940", "BaseSalary":"76642", "Bonus":"7664", "Department":"Sales", "Status":"Active - Regular Exempt (Full-time)", "ManagerGUID":"07bb968f-e95e-4c40-8889-d88ba6b369d0", "point":{"lat":28.302833, "long":-82.640922}, "HiredDate":"2015-05-22"}