{"GUID":"1c94556d-87c9-4913-925e-6f161f943766", "Gender":"female", "Title":"Ms.", "GivenName":"Veronica", "MiddleInitial":"A", "Surname":"Eckert", "StreetAddress":"74 Dane Street", "City":"Loomis", "State":"WA", "ZipCode":"98827", "Country":"US", "EmailAddress":"VeronicaAEckert@fleckens.hu", "TelephoneNumber":"509-223-7476", "TelephoneCountryCode":"1", "Birthday":"10/27/56", "NationalID":"531-22-7498", "BaseSalary":"62101", "Bonus":"6210", "Department":"R&D", "Status":"Active - Regular Exempt (Full-time)", "ManagerGUID":"695fdc37-42f1-4c19-9ba1-c4fe87454041", "point":{"lat":48.854417, "long":-119.787464}, "HiredDate":"2021-04-30"}