{"GUID":"1cde6dab-a467-4462-ac39-84b75cfa45be", "Gender":"female", "Title":"Ms.", "GivenName":"Angela", "MiddleInitial":"D", "Surname":"Smith", "StreetAddress":"4490 Hidden Valley Road", "City":"Cheektowaga", "State":"NY", "ZipCode":"14227", "Country":"US", "EmailAddress":"AngelaDSmith@rhyta.com", "TelephoneNumber":"716-994-6690", "TelephoneCountryCode":"1", "Birthday":"4/16/75", "NationalID":"085-07-3736", "BaseSalary":"23760", "Bonus":"2376", "Department":"R&D", "Status":"Active - Regular Exempt (Full-time)", "ManagerGUID":"695fdc37-42f1-4c19-9ba1-c4fe87454041", "point":{"lat":42.823808, "long":-78.806788}, "HiredDate":"2014-04-10"}