{"GUID":"1d4f2d3d-a13c-4117-b2ae-6ee2c97e7ec0", "Gender":"male", "Title":"Mr.", "GivenName":"George", "MiddleInitial":"B", "Surname":"Merkley", "StreetAddress":"2523 Old House Drive", "City":"Columbus", "State":"OH", "ZipCode":"43201", "Country":"US", "EmailAddress":"GeorgeBMerkley@fleckens.hu", "TelephoneNumber":"740-933-1508", "TelephoneCountryCode":"1", "Birthday":"2/11/76", "NationalID":"281-09-2405", "BaseSalary":"59574", "Bonus":"5957", "Department":"Engineering", "Status":"Active - Regular Exempt (Full-time)", "ManagerGUID":"3ad0ffbc-3ade-4897-902b-718417a721f5", "point":{"lat":39.934561, "long":-83.016609}, "HiredDate":"2019-11-23"}