{"GUID":"1d599c16-7c58-4842-93fd-cb7fd08084cf", "Gender":"female", "Title":"Mrs.", "GivenName":"Amanda", "MiddleInitial":"X", "Surname":"Jurgensen", "StreetAddress":"1454 Charla Lane", "City":"Duncanville", "State":"TX", "ZipCode":"75116", "Country":"US", "EmailAddress":"AmandaXJurgensen@superrito.com", "TelephoneNumber":"972-708-8967", "TelephoneCountryCode":"1", "Birthday":"1/30/87", "NationalID":"645-80-7831", "BaseSalary":"43676", "Bonus":"4368", "Department":"Engineering", "Status":"Active - Regular Exempt (Full-time)", "ManagerGUID":"3ad0ffbc-3ade-4897-902b-718417a721f5", "point":{"lat":32.56454, "long":-97.01652}, "HiredDate":"2012-04-14"}