{"GUID":"1e622cb9-3fcf-4b98-8084-5a7bbb90958d", "Gender":"female", "Title":"Ms.", "GivenName":"Lidia", "MiddleInitial":"C", "Surname":"Jones", "StreetAddress":"4888 Norma Lane", "City":"Castor", "State":"LA", "ZipCode":"71016", "Country":"US", "EmailAddress":"LidiaCJones@einrot.com", "TelephoneNumber":"318-544-3680", "TelephoneCountryCode":"1", "Birthday":"3/5/34", "NationalID":"439-04-2581", "BaseSalary":"76236", "Bonus":"7624", "Department":"R&D", "Status":"Active - Regular Exempt (Full-time)", "ManagerGUID":"695fdc37-42f1-4c19-9ba1-c4fe87454041", "point":{"lat":32.182567, "long":-93.073697}, "HiredDate":"2012-06-16"}