{"GUID":"1ea2cfed-bb49-4fa4-97bd-930094575b5d", "Gender":"female", "Title":"Mrs.", "GivenName":"Jan", "MiddleInitial":"R", "Surname":"Choice", "StreetAddress":"4488 Saint Marys Avenue", "City":"Black River", "State":"NY", "ZipCode":"13612", "Country":"US", "EmailAddress":"JanRChoice@teleworm.us", "TelephoneNumber":"315-775-2600", "TelephoneCountryCode":"1", "Birthday":"2/21/45", "NationalID":"071-86-0473", "BaseSalary":"46844", "Bonus":"4684", "Department":"Engineering", "Status":"Active - Regular Exempt (Full-time)", "ManagerGUID":"3ad0ffbc-3ade-4897-902b-718417a721f5", "point":{"lat":44.018017, "long":-75.830205}, "HiredDate":"2013-04-02"}