{"GUID":"1eae5d7a-cb73-42a0-8dd5-f1a795d86fc0", "Gender":"male", "Title":"Mr.", "GivenName":"James", "MiddleInitial":"E", "Surname":"Scott", "StreetAddress":"3452 Seth Street", "City":"Putnam", "State":"TX", "ZipCode":"79504", "Country":"US", "EmailAddress":"JamesEScott@armyspy.com", "TelephoneNumber":"325-662-0661", "TelephoneCountryCode":"1", "Birthday":"7/24/90", "NationalID":"459-58-9238", "BaseSalary":"69269", "Bonus":"6927", "Department":"R&D", "Status":"Active - Regular Exempt (Full-time)", "ManagerGUID":"695fdc37-42f1-4c19-9ba1-c4fe87454041", "point":{"lat":32.408949, "long":-99.155179}, "HiredDate":"2013-02-11"}