{"GUID":"1f26d9af-d225-45e7-8f67-fc52d0480aed", "Gender":"male", "Title":"Mr.", "GivenName":"Christopher", "MiddleInitial":"T", "Surname":"Hewitt", "StreetAddress":"3839 Feathers Hooves Drive", "City":"New York", "State":"NY", "ZipCode":"10011", "Country":"US", "EmailAddress":"ChristopherTHewitt@rhyta.com", "TelephoneNumber":"631-683-7924", "TelephoneCountryCode":"1", "Birthday":"1/22/48", "NationalID":"079-92-0469", "BaseSalary":"24088", "Bonus":"2409", "Department":"R&D", "Status":"Active - Regular Exempt (Full-time)", "ManagerGUID":"695fdc37-42f1-4c19-9ba1-c4fe87454041", "point":{"lat":40.827782, "long":-74.041242}, "HiredDate":"2015-02-09"}