{"GUID":"1f7d440c-6f2c-4cd0-9736-4e92547b932f", "Gender":"male", "Title":"Mr.", "GivenName":"Charles", "MiddleInitial":"J", "Surname":"Lheureux", "StreetAddress":"4378 Hilltop Drive", "City":"Plainview", "State":"TX", "ZipCode":"79072", "Country":"US", "EmailAddress":"CharlesJLheureux@einrot.com", "TelephoneNumber":"806-293-9221", "TelephoneCountryCode":"1", "Birthday":"5/9/93", "NationalID":"630-82-5761", "BaseSalary":"35706", "Bonus":"3571", "Department":"Training", "Status":"Active - Regular Exempt (Full-time)", "ManagerGUID":"0004880b-4826-4706-89e8-ba17f415a669", "point":{"lat":34.145144, "long":-101.697303}, "HiredDate":"2020-01-20"}