{"GUID":"20ae99fd-33df-42c9-bdd2-e8bbab75b34e", "Gender":"female", "Title":"Mrs.", "GivenName":"Joe", "MiddleInitial":"G", "Surname":"Bell", "StreetAddress":"2735 Windy Ridge Road", "City":"Monroeville", "State":"IN", "ZipCode":"46773", "Country":"US", "EmailAddress":"JoeGBell@rhyta.com", "TelephoneNumber":"260-623-9573", "TelephoneCountryCode":"1", "Birthday":"11/25/61", "NationalID":"314-04-6923", "BaseSalary":"96282", "Bonus":"9628", "Department":"Marketing", "Status":"Active - Regular Exempt (Full-time)", "ManagerGUID":"d0862e5d-5be6-473b-a500-3e3a852b2bb8", "point":{"lat":40.970807, "long":-84.92324}, "HiredDate":"2021-04-19"}