{"GUID":"20c19a5e-66bf-49cc-8be1-1520ede376c6", "Gender":"male", "Title":"Mr.", "GivenName":"Paul", "MiddleInitial":"S", "Surname":"Westmoreland", "StreetAddress":"1615 Mahlon Street", "City":"New Brunswick", "State":"NJ", "ZipCode":"8901", "Country":"US", "EmailAddress":"PaulSWestmoreland@teleworm.us", "TelephoneNumber":"732-952-5339", "TelephoneCountryCode":"1", "Birthday":"9/15/69", "NationalID":"152-96-1959", "BaseSalary":"74577", "Bonus":"7458", "Department":"Training", "Status":"Active - Regular Exempt (Full-time)", "ManagerGUID":"0004880b-4826-4706-89e8-ba17f415a669", "point":{"lat":40.578463, "long":-74.347375}, "HiredDate":"2016-06-05"}