{"GUID":"214853de-be3b-48d7-8700-d47dcd07b509", "Gender":"female", "Title":"Mrs.", "GivenName":"Melissa", "MiddleInitial":"R", "Surname":"Jones", "StreetAddress":"4349 Laurel Lee", "City":"Shoreview", "State":"MN", "ZipCode":"55126", "Country":"US", "EmailAddress":"MelissaRJones@gustr.com", "TelephoneNumber":"651-765-4578", "TelephoneCountryCode":"1", "Birthday":"4/30/94", "NationalID":"476-58-0127", "BaseSalary":"73320", "Bonus":"7332", "Department":"Engineering", "Status":"Active - Regular Exempt (Full-time)", "ManagerGUID":"3ad0ffbc-3ade-4897-902b-718417a721f5", "point":{"lat":45.064351, "long":-93.187424}, "HiredDate":"2015-10-21"}