{"GUID":"21497bc1-5359-4af8-9c9b-7b6ea61a810f", "Gender":"female", "Title":"Ms.", "GivenName":"Stephanie", "MiddleInitial":"D", "Surname":"Hoffman", "StreetAddress":"907 Bee Street", "City":"Muskegon", "State":"MI", "ZipCode":"49440", "Country":"US", "EmailAddress":"StephanieDHoffman@teleworm.us", "TelephoneNumber":"231-750-0070", "TelephoneCountryCode":"1", "Birthday":"4/21/42", "NationalID":"364-09-7708", "BaseSalary":"89930", "Bonus":"8993", "Department":"R&D", "Status":"Active - Regular Exempt (Full-time)", "ManagerGUID":"695fdc37-42f1-4c19-9ba1-c4fe87454041", "point":{"lat":43.305421, "long":-86.241314}, "HiredDate":"2018-08-09"}