{"GUID":"2151c9cb-1598-4539-8ba3-53cb2f94a993", "Gender":"female", "Title":"Ms.", "GivenName":"Carolyn", "MiddleInitial":"L", "Surname":"Collins", "StreetAddress":"83 Byers Lane", "City":"Sacramento", "State":"CA", "ZipCode":"94260", "Country":"US", "EmailAddress":"CarolynLCollins@dayrep.com", "TelephoneNumber":"530-844-1089", "TelephoneCountryCode":"1", "Birthday":"9/3/74", "NationalID":"572-52-0677", "BaseSalary":"39206", "Bonus":"3921", "Department":"R&D", "Status":"Active - Regular Exempt (Full-time)", "ManagerGUID":"695fdc37-42f1-4c19-9ba1-c4fe87454041", "point":{"lat":38.63831, "long":-121.528995}, "HiredDate":"2020-01-06"}