{"GUID":"2184303b-f8ed-43b1-81b5-8952a0f0cf01", "Gender":"male", "Title":"Mr.", "GivenName":"Trent", "MiddleInitial":"T", "Surname":"Young", "StreetAddress":"1209 Bingamon Road", "City":"Cleveland", "State":"OH", "ZipCode":"44115", "Country":"US", "EmailAddress":"TrentTYoung@cuvox.de", "TelephoneNumber":"440-499-4860", "TelephoneCountryCode":"1", "Birthday":"5/29/46", "NationalID":"274-42-0495", "BaseSalary":"60328", "Bonus":"6033", "Department":"R&D", "Status":"Active - Regular Exempt (Full-time)", "ManagerGUID":"695fdc37-42f1-4c19-9ba1-c4fe87454041", "point":{"lat":41.532019, "long":-81.657338}, "HiredDate":"2019-04-28"}