{"GUID":"21f738a6-9eb4-4523-b0e7-3feb887b41e3", "Gender":"male", "Title":"Mr.", "GivenName":"Daniel", "MiddleInitial":"M", "Surname":"Thomas", "StreetAddress":"4757 Reynolds Alley", "City":"Irvine", "State":"CA", "ZipCode":"92614", "Country":"US", "EmailAddress":"DanielMThomas@teleworm.us", "TelephoneNumber":"562-307-5870", "TelephoneCountryCode":"1", "Birthday":"4/15/72", "NationalID":"603-26-6329", "BaseSalary":"73245", "Bonus":"7325", "Department":"Sales", "Status":"Active - Regular Exempt (Full-time)", "ManagerGUID":"07bb968f-e95e-4c40-8889-d88ba6b369d0", "point":{"lat":33.601135, "long":-117.949381}, "HiredDate":"2015-01-03"}