{"GUID":"22207987-669e-477e-ba7a-4d6ce6daa4b8", "Gender":"female", "Title":"Mrs.", "GivenName":"Tiffany", "MiddleInitial":"G", "Surname":"Taylor", "StreetAddress":"4591 Maple Lane", "City":"Huntsville", "State":"AL", "ZipCode":"35816", "Country":"US", "EmailAddress":"TiffanyGTaylor@superrito.com", "TelephoneNumber":"256-541-8282", "TelephoneCountryCode":"1", "Birthday":"5/25/94", "NationalID":"416-78-8917", "BaseSalary":"54218", "Bonus":"5422", "Department":"Engineering", "Status":"Active - Regular Exempt (Full-time)", "ManagerGUID":"3ad0ffbc-3ade-4897-902b-718417a721f5", "point":{"lat":34.832264, "long":-86.536071}, "HiredDate":"2020-02-08"}