{"GUID":"22325c52-30cc-4f0f-af9f-754535872cf8", "Gender":"male", "Title":"Mr.", "GivenName":"Felix", "MiddleInitial":"A", "Surname":"Franke", "StreetAddress":"4772 Twin Willow Lane", "City":"Fayetteville", "State":"NC", "ZipCode":"28301", "Country":"US", "EmailAddress":"FelixAFranke@superrito.com", "TelephoneNumber":"910-438-6311", "TelephoneCountryCode":"1", "Birthday":"8/17/37", "NationalID":"246-31-8307", "BaseSalary":"45994", "Bonus":"4599", "Department":"R&D", "Status":"Active - Regular Exempt (Full-time)", "ManagerGUID":"695fdc37-42f1-4c19-9ba1-c4fe87454041", "point":{"lat":34.95016, "long":-78.776962}, "HiredDate":"2012-11-18"}