{"GUID":"22474570-7459-494e-8e77-c8e7ffd3ecb6", "Gender":"female", "Title":"Ms.", "GivenName":"Vicky", "MiddleInitial":"E", "Surname":"Bagwell", "StreetAddress":"3523 Weekley Street", "City":"San Antonio", "State":"TX", "ZipCode":"78212", "Country":"US", "EmailAddress":"VickyEBagwell@dayrep.com", "TelephoneNumber":"210-325-0702", "TelephoneCountryCode":"1", "Birthday":"6/25/79", "NationalID":"645-96-8055", "BaseSalary":"98999", "Bonus":"9900", "Department":"Engineering", "Status":"Active - Regular Exempt (Full-time)", "ManagerGUID":"3ad0ffbc-3ade-4897-902b-718417a721f5", "point":{"lat":29.452186, "long":-98.538145}, "HiredDate":"2016-04-21"}