{"GUID":"22db0556-3d8d-4b87-8feb-1bc238e1f1ee", "Gender":"male", "Title":"Mr.", "GivenName":"Gary", "MiddleInitial":"C", "Surname":"Marx", "StreetAddress":"100 Tennessee Avenue", "City":"Pontiac", "State":"MI", "ZipCode":"48342", "Country":"US", "EmailAddress":"GaryCMarx@dayrep.com", "TelephoneNumber":"248-322-5253", "TelephoneCountryCode":"1", "Birthday":"8/2/68", "NationalID":"386-40-8002", "BaseSalary":"75303", "Bonus":"7530", "Department":"R&D", "Status":"Active - Regular Exempt (Full-time)", "ManagerGUID":"695fdc37-42f1-4c19-9ba1-c4fe87454041", "point":{"lat":42.705868, "long":-83.207369}, "HiredDate":"2015-06-08"}