{"GUID":"23aa451e-2d71-4eff-9b60-f8b514e27de5", "Gender":"male", "Title":"Mr.", "GivenName":"Alejandro", "MiddleInitial":"M", "Surname":"Cruz", "StreetAddress":"1099 Bird Street", "City":"Columbus", "State":"NM", "ZipCode":"88029", "Country":"US", "EmailAddress":"AlejandroMCruz@cuvox.de", "TelephoneNumber":"505-549-3651", "TelephoneCountryCode":"1", "Birthday":"4/20/66", "NationalID":"648-16-1357", "BaseSalary":"42200", "Bonus":"4220", "Department":"R&D", "Status":"Active - Regular Exempt (Full-time)", "ManagerGUID":"695fdc37-42f1-4c19-9ba1-c4fe87454041", "point":{"lat":31.770687, "long":-107.640902}, "HiredDate":"2021-05-18"}