{"GUID":"2470d4bb-72db-4870-90d2-463278e74287", "Gender":"female", "Title":"Mrs.", "GivenName":"Cynthia", "MiddleInitial":"A", "Surname":"Frank", "StreetAddress":"476 Thrash Trail", "City":"Jefferson", "State":"TX", "ZipCode":"75657", "Country":"US", "EmailAddress":"CynthiaAFrank@fleckens.hu", "TelephoneNumber":"903-665-4428", "TelephoneCountryCode":"1", "Birthday":"12/30/53", "NationalID":"465-40-5469", "BaseSalary":"66925", "Bonus":"6693", "Department":"R&D", "Status":"Active - Regular Exempt (Full-time)", "ManagerGUID":"695fdc37-42f1-4c19-9ba1-c4fe87454041", "point":{"lat":32.720115, "long":-94.425798}, "HiredDate":"2020-01-09"}