{"GUID":"251155c4-b0f7-4c60-9c6b-432e2c5cc173", "Gender":"male", "Title":"Mr.", "GivenName":"William", "MiddleInitial":"L", "Surname":"Hunter", "StreetAddress":"1953 Farm Meadow Drive", "City":"Nashville", "State":"TN", "ZipCode":"37209", "Country":"US", "EmailAddress":"WilliamLHunter@armyspy.com", "TelephoneNumber":"931-241-1832", "TelephoneCountryCode":"1", "Birthday":"5/6/69", "NationalID":"411-49-5432", "BaseSalary":"92261", "Bonus":"9226", "Department":"Marketing", "Status":"Active - Regular Exempt (Full-time)", "ManagerGUID":"d0862e5d-5be6-473b-a500-3e3a852b2bb8", "point":{"lat":36.166245, "long":-86.865713}, "HiredDate":"2014-05-30"}