{"GUID":"25eb6008-ca07-4202-ba35-494a9377b3fd", "Gender":"female", "Title":"Ms.", "GivenName":"Ursula", "MiddleInitial":"R", "Surname":"Roberts", "StreetAddress":"830 Mutton Town Road", "City":"Kingston", "State":"WA", "ZipCode":"98346", "Country":"US", "EmailAddress":"UrsulaRRoberts@fleckens.hu", "TelephoneNumber":"360-638-9299", "TelephoneCountryCode":"1", "Birthday":"4/27/42", "NationalID":"538-86-6356", "BaseSalary":"95743", "Bonus":"9574", "Department":"R&D", "Status":"Active - Regular Exempt (Full-time)", "ManagerGUID":"695fdc37-42f1-4c19-9ba1-c4fe87454041", "point":{"lat":47.790083, "long":-122.467921}, "HiredDate":"2015-01-03"}