{"GUID":"26562c90-db4b-4c6c-86c7-815024be43ff", "Gender":"female", "Title":"Ms.", "GivenName":"Mary", "MiddleInitial":"R", "Surname":"Blackman", "StreetAddress":"2869 Walnut Drive", "City":"Fargo", "State":"ND", "ZipCode":"58104", "Country":"US", "EmailAddress":"MaryRBlackman@jourrapide.com", "TelephoneNumber":"701-364-2817", "TelephoneCountryCode":"1", "Birthday":"12/27/80", "NationalID":"501-84-6155", "BaseSalary":"84883", "Bonus":"8488", "Department":"Marketing", "Status":"Active - Regular Exempt (Full-time)", "ManagerGUID":"d0862e5d-5be6-473b-a500-3e3a852b2bb8", "point":{"lat":46.87156, "long":-96.897796}, "HiredDate":"2015-09-19"}