{"GUID":"26c1da1d-54fe-41e6-9e34-5f086244bf1e", "Gender":"male", "Title":"Mr.", "GivenName":"William", "MiddleInitial":"D", "Surname":"Johnson", "StreetAddress":"2815 Leo Street", "City":"Denver", "State":"CO", "ZipCode":"80202", "Country":"US", "EmailAddress":"WilliamDJohnson@superrito.com", "TelephoneNumber":"720-921-2221", "TelephoneCountryCode":"1", "Birthday":"10/26/95", "NationalID":"651-05-4923", "BaseSalary":"60944", "Bonus":"6094", "Department":"R&D", "Status":"Active - Regular Exempt (Full-time)", "ManagerGUID":"695fdc37-42f1-4c19-9ba1-c4fe87454041", "point":{"lat":39.771921, "long":-105.041742}, "HiredDate":"2014-03-03"}