{"GUID":"26dfbdfb-7013-4c82-a40f-eec0d61b0c55", "Gender":"male", "Title":"Mr.", "GivenName":"Charles", "MiddleInitial":"B", "Surname":"Kaplan", "StreetAddress":"3802 Masonic Hill Road", "City":"Wichita", "State":"AR", "ZipCode":"67202", "Country":"US", "EmailAddress":"CharlesBKaplan@fleckens.hu", "TelephoneNumber":"501-621-8682", "TelephoneCountryCode":"1", "Birthday":"7/8/48", "NationalID":"431-58-9461", "BaseSalary":"78888", "Bonus":"7889", "Department":"Marketing", "Status":"Active - Regular Exempt (Full-time)", "ManagerGUID":"d0862e5d-5be6-473b-a500-3e3a852b2bb8", "point":{"lat":37.598191, "long":-97.332462}, "HiredDate":"2019-12-23"}