{"GUID":"2976d30d-0884-4203-8bb3-35d69b9dd55a", "Gender":"female", "Title":"Mrs.", "GivenName":"Elaine", "MiddleInitial":"D", "Surname":"Styron", "StreetAddress":"236 Diamond Street", "City":"Asheville", "State":"NC", "ZipCode":"28801", "Country":"US", "EmailAddress":"ElaineDStyron@cuvox.de", "TelephoneNumber":"828-477-0257", "TelephoneCountryCode":"1", "Birthday":"6/22/52", "NationalID":"238-15-9177", "BaseSalary":"48578", "Bonus":"4858", "Department":"R&D", "Status":"Active - Regular Exempt (Full-time)", "ManagerGUID":"695fdc37-42f1-4c19-9ba1-c4fe87454041", "point":{"lat":35.643869, "long":-82.48796}, "HiredDate":"2018-02-05"}