{"GUID":"29c1111a-0aea-44b6-8bb6-3f86d35c94c7", "Gender":"male", "Title":"Mr.", "GivenName":"Charles", "MiddleInitial":"D", "Surname":"Winn", "StreetAddress":"927 Snyder Avenue", "City":"Charlotte", "State":"NC", "ZipCode":"28202", "Country":"US", "EmailAddress":"CharlesDWinn@superrito.com", "TelephoneNumber":"704-696-9076", "TelephoneCountryCode":"1", "Birthday":"7/24/49", "NationalID":"240-49-4787", "BaseSalary":"85210", "Bonus":"8521", "Department":"Sales", "Status":"Active - Regular Exempt (Full-time)", "ManagerGUID":"07bb968f-e95e-4c40-8889-d88ba6b369d0", "point":{"lat":35.250413, "long":-80.863626}, "HiredDate":"2022-07-11"}