{"GUID":"2a2a69ce-424b-4cfd-9ae3-86c281b77067", "Gender":"male", "Title":"Mr.", "GivenName":"Lucien", "MiddleInitial":"L", "Surname":"Duran", "StreetAddress":"744 Calico Drive", "City":"Colville", "State":"WA", "ZipCode":"99114", "Country":"US", "EmailAddress":"LucienLDuran@einrot.com", "TelephoneNumber":"509-684-9989", "TelephoneCountryCode":"1", "Birthday":"7/5/42", "NationalID":"538-40-7739", "BaseSalary":"88972", "Bonus":"8897", "Department":"R&D", "Status":"Active - Regular Exempt (Full-time)", "ManagerGUID":"695fdc37-42f1-4c19-9ba1-c4fe87454041", "point":{"lat":48.605832, "long":-117.790533}, "HiredDate":"2017-11-13"}