{"GUID":"2aca0818-40dd-4c83-9e6f-a0e65a0dbeca", "Gender":"male", "Title":"Mr.", "GivenName":"Leonard", "MiddleInitial":"M", "Surname":"Hatcher", "StreetAddress":"537 Carriage Court", "City":"Desert Height", "State":"CA", "ZipCode":"92252", "Country":"US", "EmailAddress":"LeonardMHatcher@armyspy.com", "TelephoneNumber":"760-362-3831", "TelephoneCountryCode":"1", "Birthday":"9/23/79", "NationalID":"621-98-4555", "BaseSalary":"49536", "Bonus":"4954", "Department":"R&D", "Status":"Active - Regular Exempt (Full-time)", "ManagerGUID":"695fdc37-42f1-4c19-9ba1-c4fe87454041", "point":{"lat":34.152794, "long":-116.159508}, "HiredDate":"2017-09-12"}