{"GUID":"2afbd3a5-e293-494e-b90e-a8c547eb2c61", "Gender":"female", "Title":"Mrs.", "GivenName":"Christina", "MiddleInitial":"M", "Surname":"Hill", "StreetAddress":"1292 Washburn Street", "City":"Baton Rouge", "State":"LA", "ZipCode":"70802", "Country":"US", "EmailAddress":"ChristinaMHill@jourrapide.com", "TelephoneNumber":"225-425-6619", "TelephoneCountryCode":"1", "Birthday":"1/27/44", "NationalID":"659-09-9288", "BaseSalary":"44638", "Bonus":"4464", "Department":"Marketing", "Status":"Active - Regular Exempt (Full-time)", "ManagerGUID":"d0862e5d-5be6-473b-a500-3e3a852b2bb8", "point":{"lat":30.421484, "long":-91.188026}, "HiredDate":"2022-05-18"}