{"GUID":"2c05dab2-0be1-4f15-bec1-44718d0acc5f", "Gender":"female", "Title":"Mrs.", "GivenName":"Mayra", "MiddleInitial":"L", "Surname":"Basel", "StreetAddress":"505 Fire Access Road", "City":"High Point", "State":"NC", "ZipCode":"27260", "Country":"US", "EmailAddress":"MayraLBasel@superrito.com", "TelephoneNumber":"336-887-2058", "TelephoneCountryCode":"1", "Birthday":"6/22/49", "NationalID":"243-46-4851", "BaseSalary":"53154", "Bonus":"5315", "Department":"Marketing", "Status":"Active - Regular Exempt (Full-time)", "ManagerGUID":"d0862e5d-5be6-473b-a500-3e3a852b2bb8", "point":{"lat":35.984709, "long":-79.900744}, "HiredDate":"2013-08-04"}