{"GUID":"2c07cbd5-04af-464e-8667-98da6ddc76e1", "Gender":"male", "Title":"Mr.", "GivenName":"Noel", "MiddleInitial":"D", "Surname":"Ashmore", "StreetAddress":"2660 Willis Avenue", "City":"Oak Hill", "State":"FL", "ZipCode":"32759", "Country":"US", "EmailAddress":"NoelDAshmore@armyspy.com", "TelephoneNumber":"386-345-1023", "TelephoneCountryCode":"1", "Birthday":"4/10/48", "NationalID":"769-16-3160", "BaseSalary":"57097", "Bonus":"5710", "Department":"R&D", "Status":"Active - Regular Exempt (Full-time)", "ManagerGUID":"695fdc37-42f1-4c19-9ba1-c4fe87454041", "point":{"lat":28.825626, "long":-80.974015}, "HiredDate":"2017-10-03"}