{"GUID":"2c41254b-41d3-42ef-8a15-310d54d5f79b", "Gender":"female", "Title":"Ms.", "GivenName":"Suzette", "MiddleInitial":"J", "Surname":"Baum", "StreetAddress":"813 Woodstock Drive", "City":"Los Angeles", "State":"CA", "ZipCode":"90017", "Country":"US", "EmailAddress":"SuzetteJBaum@dayrep.com", "TelephoneNumber":"626-495-9087", "TelephoneCountryCode":"1", "Birthday":"1/7/96", "NationalID":"562-12-5028", "BaseSalary":"63716", "Bonus":"6372", "Department":"Engineering", "Status":"Active - Regular Exempt (Full-time)", "ManagerGUID":"3ad0ffbc-3ade-4897-902b-718417a721f5", "point":{"lat":34.148886, "long":-118.360999}, "HiredDate":"2018-07-07"}