{"GUID":"2c9578b8-881c-4dc5-bb96-5eb54ac2df9d", "Gender":"female", "Title":"Ms.", "GivenName":"Linda", "MiddleInitial":"B", "Surname":"Schiller", "StreetAddress":"4069 Maxwell Farm Road", "City":"Reno", "State":"CA", "ZipCode":"89503", "Country":"US", "EmailAddress":"LindaBSchiller@cuvox.de", "TelephoneNumber":"530-986-2826", "TelephoneCountryCode":"1", "Birthday":"11/1/51", "NationalID":"625-82-4831", "BaseSalary":"40751", "Bonus":"4075", "Department":"Marketing", "Status":"Active - Regular Exempt (Full-time)", "ManagerGUID":"d0862e5d-5be6-473b-a500-3e3a852b2bb8", "point":{"lat":39.624658, "long":-119.880671}, "HiredDate":"2015-03-16"}