{"GUID":"2deb98ea-b0d7-4c74-a92b-951cc3998f10", "Gender":"male", "Title":"Mr.", "GivenName":"Richard", "MiddleInitial":"C", "Surname":"Maheu", "StreetAddress":"394 County Line Road", "City":"Tampa", "State":"FL", "ZipCode":"33614", "Country":"US", "EmailAddress":"RichardCMaheu@einrot.com", "TelephoneNumber":"727-692-1586", "TelephoneCountryCode":"1", "Birthday":"8/13/41", "NationalID":"265-09-6229", "BaseSalary":"29034", "Bonus":"2903", "Department":"R&D", "Status":"Active - Regular Exempt (Full-time)", "ManagerGUID":"695fdc37-42f1-4c19-9ba1-c4fe87454041", "point":{"lat":28.003745, "long":-82.418871}, "HiredDate":"2015-05-03"}