{"GUID":"2df0a07d-81ca-4e4c-8f51-f607b1f20eb0", "Gender":"female", "Title":"Mrs.", "GivenName":"Bobbie", "MiddleInitial":"B", "Surname":"Paige", "StreetAddress":"3483 Tree Frog Lane", "City":"Kansas City", "State":"MO", "ZipCode":"64106", "Country":"US", "EmailAddress":"BobbieBPaige@rhyta.com", "TelephoneNumber":"816-457-0409", "TelephoneCountryCode":"1", "Birthday":"3/14/79", "NationalID":"498-94-8563", "BaseSalary":"12950", "Bonus":"1295", "Department":"Marketing", "Status":"Active - Regular Exempt (Full-time)", "ManagerGUID":"d0862e5d-5be6-473b-a500-3e3a852b2bb8", "point":{"lat":39.077612, "long":-94.540872}, "HiredDate":"2016-10-18"}