{"GUID":"2e55f5a2-8b64-433a-81a2-4d8ba1e3f07f", "Gender":"male", "Title":"Mr.", "GivenName":"Larry", "MiddleInitial":"M", "Surname":"Greene", "StreetAddress":"3732 Commerce Boulevard", "City":"Beemer", "State":"NE", "ZipCode":"68716", "Country":"US", "EmailAddress":"LarryMGreene@armyspy.com", "TelephoneNumber":"402-528-3065", "TelephoneCountryCode":"1", "Birthday":"11/14/73", "NationalID":"508-30-7717", "BaseSalary":"91791", "Bonus":"9179", "Department":"Marketing", "Status":"Active - Regular Exempt (Full-time)", "ManagerGUID":"d0862e5d-5be6-473b-a500-3e3a852b2bb8", "point":{"lat":42.035893, "long":-96.722681}, "HiredDate":"2017-02-18"}