{"GUID":"2e6d122f-d0cb-4165-88bb-de125612b8b4", "Gender":"female", "Title":"Mrs.", "GivenName":"Andra", "MiddleInitial":"G", "Surname":"Pineda", "StreetAddress":"4674 Oakmound Road", "City":"Burr Ridge", "State":"IL", "ZipCode":"60527", "Country":"US", "EmailAddress":"AndraGPineda@einrot.com", "TelephoneNumber":"773-204-0707", "TelephoneCountryCode":"1", "Birthday":"4/17/55", "NationalID":"336-72-2130", "BaseSalary":"42644", "Bonus":"4264", "Department":"R&D", "Status":"Active - Regular Exempt (Full-time)", "ManagerGUID":"695fdc37-42f1-4c19-9ba1-c4fe87454041", "point":{"lat":41.800423, "long":-87.89809}, "HiredDate":"2015-10-07"}