{"GUID":"2e957faf-6d96-46e1-b70c-d04a287810d9", "Gender":"male", "Title":"Mr.", "GivenName":"Arthur", "MiddleInitial":"M", "Surname":"Devlin", "StreetAddress":"4623 Station Street", "City":"Austin", "State":"TX", "ZipCode":"78756", "Country":"US", "EmailAddress":"ArthurMDevlin@teleworm.us", "TelephoneNumber":"512-207-3102", "TelephoneCountryCode":"1", "Birthday":"6/13/90", "NationalID":"631-28-5007", "BaseSalary":"42212", "Bonus":"4221", "Department":"Engineering", "Status":"Active - Regular Exempt (Full-time)", "ManagerGUID":"3ad0ffbc-3ade-4897-902b-718417a721f5", "point":{"lat":30.397241, "long":-97.6726}, "HiredDate":"2022-03-03"}