{"GUID":"2ea85b70-59d5-463a-9e4b-472d3ba38029", "Gender":"male", "Title":"Mr.", "GivenName":"Alvin", "MiddleInitial":"L", "Surname":"Minter", "StreetAddress":"1499 Fairfax Drive", "City":"City Of Commerce", "State":"CA", "ZipCode":"90040", "Country":"US", "EmailAddress":"AlvinLMinter@rhyta.com", "TelephoneNumber":"909-228-4469", "TelephoneCountryCode":"1", "Birthday":"11/14/82", "NationalID":"602-20-2530", "BaseSalary":"34524", "Bonus":"3452", "Department":"R&D", "Status":"Active - Regular Exempt (Full-time)", "ManagerGUID":"695fdc37-42f1-4c19-9ba1-c4fe87454041", "point":{"lat":33.953411, "long":-118.17174}, "HiredDate":"2012-08-30"}