{"GUID":"2ed73ab5-49fc-4ed4-b483-72328fe70c74", "Gender":"male", "Title":"Mr.", "GivenName":"Ben", "MiddleInitial":"A", "Surname":"Batz", "StreetAddress":"485 Jarvis Street", "City":"Buffalo", "State":"NY", "ZipCode":"14202", "Country":"US", "EmailAddress":"BenABatz@gustr.com", "TelephoneNumber":"716-856-8731", "TelephoneCountryCode":"1", "Birthday":"11/30/86", "NationalID":"124-40-5586", "BaseSalary":"86584", "Bonus":"8658", "Department":"Engineering", "Status":"Active - Regular Exempt (Full-time)", "ManagerGUID":"3ad0ffbc-3ade-4897-902b-718417a721f5", "point":{"lat":42.956605, "long":-78.865459}, "HiredDate":"2013-12-06"}