{"GUID":"2ef6c49b-ac42-4f83-b887-e31394843ef9", "Gender":"female", "Title":"Ms.", "GivenName":"Mary", "MiddleInitial":"R", "Surname":"Lewin", "StreetAddress":"2165 Carter Street", "City":"Metropolis", "State":"IL", "ZipCode":"62960", "Country":"US", "EmailAddress":"MaryRLewin@armyspy.com", "TelephoneNumber":"618-796-4618", "TelephoneCountryCode":"1", "Birthday":"3/19/97", "NationalID":"321-12-8874", "BaseSalary":"56006", "Bonus":"5601", "Department":"Marketing", "Status":"Active - Regular Exempt (Full-time)", "ManagerGUID":"d0862e5d-5be6-473b-a500-3e3a852b2bb8", "point":{"lat":37.179971, "long":-88.813373}, "HiredDate":"2018-06-05"}