{"GUID":"2f6aa973-179a-4042-a64f-ac3986e3f485", "Gender":"male", "Title":"Mr.", "GivenName":"John", "MiddleInitial":"C", "Surname":"Peterson", "StreetAddress":"4491 Boone Street", "City":"Corpus Christi", "State":"TX", "ZipCode":"78476", "Country":"US", "EmailAddress":"JohnCPeterson@einrot.com", "TelephoneNumber":"361-266-7585", "TelephoneCountryCode":"1", "Birthday":"12/14/93", "NationalID":"635-02-1360", "BaseSalary":"41030", "Bonus":"4103", "Department":"Sales", "Status":"Active - Regular Exempt (Full-time)", "ManagerGUID":"07bb968f-e95e-4c40-8889-d88ba6b369d0", "point":{"lat":27.775397, "long":-97.368612}, "HiredDate":"2017-12-02"}