{"GUID":"30d06d4c-3385-4907-80ed-15ffe3c15edc", "Gender":"female", "Title":"Mrs.", "GivenName":"Shonta", "MiddleInitial":"J", "Surname":"Hernandez", "StreetAddress":"3457 Stanton Hollow Road", "City":"Acton", "State":"MA", "ZipCode":"1720", "Country":"US", "EmailAddress":"ShontaJHernandez@cuvox.de", "TelephoneNumber":"781-496-7684", "TelephoneCountryCode":"1", "Birthday":"10/24/48", "NationalID":"029-34-9785", "BaseSalary":"45348", "Bonus":"4535", "Department":"R&D", "Status":"Active - Regular Exempt (Full-time)", "ManagerGUID":"695fdc37-42f1-4c19-9ba1-c4fe87454041", "point":{"lat":42.400673, "long":-71.387569}, "HiredDate":"2014-11-30"}