{"GUID":"31fc2226-4465-4f47-8506-f19def6e3bd1", "Gender":"male", "Title":"Mr.", "GivenName":"James", "MiddleInitial":"M", "Surname":"McGuire", "StreetAddress":"4726 Werninger Street", "City":"Houston", "State":"TX", "ZipCode":"77002", "Country":"US", "EmailAddress":"JamesMMcGuire@rhyta.com", "TelephoneNumber":"832-668-5908", "TelephoneCountryCode":"1", "Birthday":"5/13/95", "NationalID":"458-49-3270", "BaseSalary":"68262", "Bonus":"6826", "Department":"Sales", "Status":"Active - Regular Exempt (Full-time)", "ManagerGUID":"07bb968f-e95e-4c40-8889-d88ba6b369d0", "point":{"lat":29.731583, "long":-95.465717}, "HiredDate":"2019-04-29"}