{"GUID":"32816126-4b3d-4f45-84c0-3490350e5375", "Gender":"female", "Title":"Mrs.", "GivenName":"Linda", "MiddleInitial":"P", "Surname":"Torres", "StreetAddress":"1442 Wayback Lane", "City":"Hicksville", "State":"NY", "ZipCode":"11612", "Country":"US", "EmailAddress":"LindaPTorres@rhyta.com", "TelephoneNumber":"631-393-9755", "TelephoneCountryCode":"1", "Birthday":"7/7/72", "NationalID":"064-54-4210", "BaseSalary":"45817", "Bonus":"4582", "Department":"Sales", "Status":"Active - Regular Exempt (Full-time)", "ManagerGUID":"07bb968f-e95e-4c40-8889-d88ba6b369d0", "point":{"lat":40.715925, "long":-73.439961}, "HiredDate":"2021-12-30"}