{"GUID":"332a7255-df1a-4754-9d14-9ceba6754ffd", "Gender":"male", "Title":"Mr.", "GivenName":"Philip", "MiddleInitial":"C", "Surname":"Merrell", "StreetAddress":"1609 Sardis Station", "City":"Minneapolis", "State":"MN", "ZipCode":"55415", "Country":"US", "EmailAddress":"PhilipCMerrell@rhyta.com", "TelephoneNumber":"612-462-7651", "TelephoneCountryCode":"1", "Birthday":"12/17/49", "NationalID":"471-06-0257", "BaseSalary":"64109", "Bonus":"6411", "Department":"Marketing", "Status":"Active - Regular Exempt (Full-time)", "ManagerGUID":"d0862e5d-5be6-473b-a500-3e3a852b2bb8", "point":{"lat":44.896167, "long":-93.189584}, "HiredDate":"2013-12-15"}