{"GUID":"33385305-26f8-45bb-a143-c74b5371fc85", "Gender":"female", "Title":"Mrs.", "GivenName":"Brittany", "MiddleInitial":"M", "Surname":"Larrison", "StreetAddress":"4304 Southside Lane", "City":"Los Angeles", "State":"CA", "ZipCode":"90046", "Country":"US", "EmailAddress":"BrittanyMLarrison@cuvox.de", "TelephoneNumber":"323-656-7314", "TelephoneCountryCode":"1", "Birthday":"3/21/94", "NationalID":"569-48-2848", "BaseSalary":"98222", "Bonus":"9822", "Department":"Engineering", "Status":"Active - Regular Exempt (Full-time)", "ManagerGUID":"3ad0ffbc-3ade-4897-902b-718417a721f5", "point":{"lat":34.027057, "long":-118.379478}, "HiredDate":"2018-01-06"}