{"GUID":"33457955-6697-43d6-81f4-b1c12218fa01", "Gender":"female", "Title":"Mrs.", "GivenName":"Patricia", "MiddleInitial":"M", "Surname":"Diaz", "StreetAddress":"4536 Norma Avenue", "City":"Marysville", "State":"OH", "ZipCode":"43040", "Country":"US", "EmailAddress":"PatriciaMDiaz@armyspy.com", "TelephoneNumber":"937-209-8542", "TelephoneCountryCode":"1", "Birthday":"8/7/62", "NationalID":"297-28-8599", "BaseSalary":"49297", "Bonus":"4930", "Department":"R&D", "Status":"Active - Regular Exempt (Full-time)", "ManagerGUID":"695fdc37-42f1-4c19-9ba1-c4fe87454041", "point":{"lat":40.172449, "long":-83.289565}, "HiredDate":"2022-11-03"}