{"GUID":"334a3263-e7ae-427c-8b42-0493c5cf5ca8", "Gender":"female", "Title":"Ms.", "GivenName":"Karen", "MiddleInitial":"S", "Surname":"Mitchell", "StreetAddress":"944 Southern Avenue", "City":"Mason City", "State":"IA", "ZipCode":"50401", "Country":"US", "EmailAddress":"KarenSMitchell@teleworm.us", "TelephoneNumber":"641-421-1728", "TelephoneCountryCode":"1", "Birthday":"4/22/68", "NationalID":"485-22-9857", "BaseSalary":"86140", "Bonus":"8614", "Department":"Sales", "Status":"Active - Regular Exempt (Full-time)", "ManagerGUID":"07bb968f-e95e-4c40-8889-d88ba6b369d0", "point":{"lat":43.051866, "long":-93.292777}, "HiredDate":"2019-04-19"}