{"GUID":"33614521-53b8-4298-b209-593ecdeb486e", "Gender":"male", "Title":"Mr.", "GivenName":"Sean", "MiddleInitial":"M", "Surname":"Harris", "StreetAddress":"933 Eagles Nest Drive", "City":"Oregon House", "State":"CA", "ZipCode":"95962", "Country":"US", "EmailAddress":"SeanMHarris@fleckens.hu", "TelephoneNumber":"530-692-7556", "TelephoneCountryCode":"1", "Birthday":"7/19/88", "NationalID":"615-04-2546", "BaseSalary":"35150", "Bonus":"3515", "Department":"R&D", "Status":"Active - Regular Exempt (Full-time)", "ManagerGUID":"695fdc37-42f1-4c19-9ba1-c4fe87454041", "point":{"lat":39.389313, "long":-121.192428}, "HiredDate":"2017-10-01"}