{"GUID":"336f69d6-a33f-4013-941a-1148f9cfd90f", "Gender":"female", "Title":"Mrs.", "GivenName":"Esther", "MiddleInitial":"N", "Surname":"Ashbrook", "StreetAddress":"778 Palmer Road", "City":"Columbus", "State":"OH", "ZipCode":"43085", "Country":"US", "EmailAddress":"EstherNAshbrook@jourrapide.com", "TelephoneNumber":"614-592-8856", "TelephoneCountryCode":"1", "Birthday":"11/8/64", "NationalID":"277-16-6385", "BaseSalary":"75244", "Bonus":"7524", "Department":"Marketing", "Status":"Active - Regular Exempt (Full-time)", "ManagerGUID":"d0862e5d-5be6-473b-a500-3e3a852b2bb8", "point":{"lat":40.06914, "long":-82.99384}, "HiredDate":"2020-07-23"}