{"GUID":"34583e5c-d826-440b-aec0-16f80af734f4", "Gender":"male", "Title":"Mr.", "GivenName":"Gary", "MiddleInitial":"M", "Surname":"Goins", "StreetAddress":"3731 Glenview Drive", "City":"Corpus Christi", "State":"TX", "ZipCode":"78476", "Country":"US", "EmailAddress":"GaryMGoins@superrito.com", "TelephoneNumber":"361-534-8118", "TelephoneCountryCode":"1", "Birthday":"5/7/35", "NationalID":"641-72-6147", "BaseSalary":"40400", "Bonus":"4040", "Department":"R&D", "Status":"Active - Regular Exempt (Full-time)", "ManagerGUID":"695fdc37-42f1-4c19-9ba1-c4fe87454041", "point":{"lat":27.82902, "long":-97.474443}, "HiredDate":"2019-10-06"}