{"GUID":"350a55c8-630f-4643-ae89-adeea57714e6", "Gender":"male", "Title":"Mr.", "GivenName":"Jonathan", "MiddleInitial":"L", "Surname":"Ramirez", "StreetAddress":"819 Hall Street", "City":"Las Vegas", "State":"NV", "ZipCode":"89101", "Country":"US", "EmailAddress":"JonathanLRamirez@superrito.com", "TelephoneNumber":"702-519-7037", "TelephoneCountryCode":"1", "Birthday":"5/29/43", "NationalID":"530-10-0373", "BaseSalary":"88794", "Bonus":"8879", "Department":"Marketing", "Status":"Active - Regular Exempt (Full-time)", "ManagerGUID":"d0862e5d-5be6-473b-a500-3e3a852b2bb8", "point":{"lat":36.143349, "long":-115.116032}, "HiredDate":"2018-01-30"}