{"GUID":"3689f411-8de0-47de-b414-04d8a72e21ba", "Gender":"female", "Title":"Mrs.", "GivenName":"Mildred", "MiddleInitial":"J", "Surname":"Anderson", "StreetAddress":"4702 Masonic Drive", "City":"Belfry", "State":"MT", "ZipCode":"59008", "Country":"US", "EmailAddress":"MildredJAnderson@superrito.com", "TelephoneNumber":"406-664-5896", "TelephoneCountryCode":"1", "Birthday":"1/14/71", "NationalID":"516-17-7255", "BaseSalary":"78118", "Bonus":"7812", "Department":"Marketing", "Status":"Active - Regular Exempt (Full-time)", "ManagerGUID":"d0862e5d-5be6-473b-a500-3e3a852b2bb8", "point":{"lat":45.051243, "long":-108.94875}, "HiredDate":"2022-06-29"}