{"GUID":"36cd8228-37df-462a-bf96-d67a652e54fa", "Gender":"female", "Title":"Mrs.", "GivenName":"Connie", "MiddleInitial":"M", "Surname":"McCalla", "StreetAddress":"4610 Garrett Street", "City":"Philadelphia", "State":"PA", "ZipCode":"19108", "Country":"US", "EmailAddress":"ConnieMMcCalla@dayrep.com", "TelephoneNumber":"267-980-7422", "TelephoneCountryCode":"1", "Birthday":"5/21/87", "NationalID":"205-32-6807", "BaseSalary":"43344", "Bonus":"4334", "Department":"Marketing", "Status":"Active - Regular Exempt (Full-time)", "ManagerGUID":"d0862e5d-5be6-473b-a500-3e3a852b2bb8", "point":{"lat":39.999676, "long":-75.245487}, "HiredDate":"2020-03-02"}