{"GUID":"394b1b8a-b699-423e-9875-19ec7b74137f", "Gender":"male", "Title":"Mr.", "GivenName":"Joe", "MiddleInitial":"D", "Surname":"Dooley", "StreetAddress":"1152 Coleman Avenue", "City":"Los Angeles", "State":"CA", "ZipCode":"90017", "Country":"US", "EmailAddress":"JoeDDooley@armyspy.com", "TelephoneNumber":"760-816-7049", "TelephoneCountryCode":"1", "Birthday":"3/15/41", "NationalID":"613-44-8669", "BaseSalary":"59192", "Bonus":"5919", "Department":"Marketing", "Status":"Active - Regular Exempt (Full-time)", "ManagerGUID":"d0862e5d-5be6-473b-a500-3e3a852b2bb8", "point":{"lat":34.071585, "long":-118.203327}, "HiredDate":"2013-06-15"}