{"GUID":"3abd5da6-d587-43ea-826c-b35a69ee5351", "Gender":"male", "Title":"Mr.", "GivenName":"Stephen", "MiddleInitial":"J", "Surname":"Glass", "StreetAddress":"540 Renwick Drive", "City":"Philadelphia", "State":"PA", "ZipCode":"19108", "Country":"US", "EmailAddress":"StephenJGlass@armyspy.com", "TelephoneNumber":"484-313-8486", "TelephoneCountryCode":"1", "Birthday":"5/9/76", "NationalID":"183-68-8967", "BaseSalary":"55814", "Bonus":"5581", "Department":"Marketing", "Status":"Active - Regular Exempt (Full-time)", "ManagerGUID":"d0862e5d-5be6-473b-a500-3e3a852b2bb8", "point":{"lat":40.093206, "long":-75.243247}, "HiredDate":"2022-10-16"}