{"GUID":"3ad0ffbc-3ade-4897-902b-718417a721f5", "Gender":"female", "Title":"Ms.", "GivenName":"June", "MiddleInitial":"J", "Surname":"Guertin", "StreetAddress":"582 Woodbridge Lane", "City":"Detroit", "State":"MI", "ZipCode":"48219", "Country":"US", "EmailAddress":"JuneJGuertin@cuvox.de", "TelephoneNumber":"313-430-8886", "TelephoneCountryCode":"1", "Birthday":"5/24/50", "NationalID":"370-94-5240", "BaseSalary":"51186", "Bonus":"5119", "Department":"Engineering", "Status":"Active - Regular Exempt (Full-time)", "ManagerGUID":"3ad0ffbc-3ade-4897-902b-718417a721f5", "point":{"lat":42.429032, "long":-83.154825}, "HiredDate":"2017-01-27"}