{"GUID":"3ae87e3e-9ccf-4b2c-ae23-a56beca07bf7", "Gender":"female", "Title":"Ms.", "GivenName":"Jacqueline", "MiddleInitial":"N", "Surname":"Velasquez", "StreetAddress":"826 Center Street", "City":"Rochelle Park", "State":"NJ", "ZipCode":"7662", "Country":"US", "EmailAddress":"JacquelineNVelasquez@cuvox.de", "TelephoneNumber":"551-208-6663", "TelephoneCountryCode":"1", "Birthday":"3/6/34", "NationalID":"148-44-2177", "BaseSalary":"73462", "Bonus":"7346", "Department":"Engineering", "Status":"Active - Regular Exempt (Full-time)", "ManagerGUID":"3ad0ffbc-3ade-4897-902b-718417a721f5", "point":{"lat":40.903056, "long":-74.118005}, "HiredDate":"2021-01-31"}