{"GUID":"3bacab5c-837f-4de6-a043-9b650a7da988", "Gender":"female", "Title":"Mrs.", "GivenName":"Dorothy", "MiddleInitial":"M", "Surname":"Hutter", "StreetAddress":"797 Kennedy Court", "City":"Bolton", "State":"MA", "ZipCode":"1740", "Country":"US", "EmailAddress":"DorothyMHutter@superrito.com", "TelephoneNumber":"774-284-8991", "TelephoneCountryCode":"1", "Birthday":"1/18/77", "NationalID":"026-78-1689", "BaseSalary":"95243", "Bonus":"9524", "Department":"R&D", "Status":"Active - Regular Exempt (Full-time)", "ManagerGUID":"695fdc37-42f1-4c19-9ba1-c4fe87454041", "point":{"lat":42.460963, "long":-71.518977}, "HiredDate":"2012-08-16"}