{"GUID":"3c61a75e-ff51-4ee6-bae7-208d42113bba", "Gender":"male", "Title":"Mr.", "GivenName":"Timothy", "MiddleInitial":"G", "Surname":"Franklin", "StreetAddress":"1174 Pinchelone Street", "City":"Portsmouth", "State":"VA", "ZipCode":"23707", "Country":"US", "EmailAddress":"TimothyGFranklin@gustr.com", "TelephoneNumber":"757-394-0546", "TelephoneCountryCode":"1", "Birthday":"5/16/93", "NationalID":"228-17-7891", "BaseSalary":"20034", "Bonus":"2003", "Department":"R&D", "Status":"Active - Regular Exempt (Full-time)", "ManagerGUID":"695fdc37-42f1-4c19-9ba1-c4fe87454041", "point":{"lat":36.80894, "long":-76.2738}, "HiredDate":"2020-08-25"}