{"GUID":"3e089e7b-e1d1-4a6d-aaa6-d42cb3d065da", "Gender":"male", "Title":"Mr.", "GivenName":"Leroy", "MiddleInitial":"J", "Surname":"Campbell", "StreetAddress":"2600 Hampton Meadows", "City":"Marlboro", "State":"MA", "ZipCode":"1752", "Country":"US", "EmailAddress":"LeroyJCampbell@superrito.com", "TelephoneNumber":"978-384-8148", "TelephoneCountryCode":"1", "Birthday":"7/27/55", "NationalID":"024-26-5677", "BaseSalary":"59916", "Bonus":"5992", "Department":"R&D", "Status":"Active - Regular Exempt (Full-time)", "ManagerGUID":"695fdc37-42f1-4c19-9ba1-c4fe87454041", "point":{"lat":42.272878, "long":-71.492816}, "HiredDate":"2014-10-20"}