{"GUID":"3e522544-36ab-40fc-96a8-24601ac978c1", "Gender":"female", "Title":"Mrs.", "GivenName":"Agnes", "MiddleInitial":"M", "Surname":"Guidry", "StreetAddress":"2586 Barrington Court", "City":"West Memphis", "State":"AR", "ZipCode":"72301", "Country":"US", "EmailAddress":"AgnesMGuidry@fleckens.hu", "TelephoneNumber":"870-559-5260", "TelephoneCountryCode":"1", "Birthday":"7/24/41", "NationalID":"678-10-1172", "BaseSalary":"70088", "Bonus":"7009", "Department":"R&D", "Status":"Active - Regular Exempt (Full-time)", "ManagerGUID":"695fdc37-42f1-4c19-9ba1-c4fe87454041", "point":{"lat":35.214109, "long":-90.203576}, "HiredDate":"2015-03-02"}