{"GUID":"3eaa861a-5e23-4663-acce-6b9a7cedd755", "Gender":"female", "Title":"Mrs.", "GivenName":"Charlotte", "MiddleInitial":"N", "Surname":"McCorkle", "StreetAddress":"1139 Horner Street", "City":"Bristolville", "State":"OH", "ZipCode":"44402", "Country":"US", "EmailAddress":"CharlotteNMcCorkle@cuvox.de", "TelephoneNumber":"330-889-1830", "TelephoneCountryCode":"1", "Birthday":"11/2/36", "NationalID":"286-92-0871", "BaseSalary":"89809", "Bonus":"8981", "Department":"R&D", "Status":"Active - Regular Exempt (Full-time)", "ManagerGUID":"695fdc37-42f1-4c19-9ba1-c4fe87454041", "point":{"lat":41.290979, "long":-80.782549}, "HiredDate":"2012-12-23"}