{"GUID":"3f4be8e1-292e-4155-aac1-c76ae58940fc", "Gender":"female", "Title":"Ms.", "GivenName":"Grace", "MiddleInitial":"J", "Surname":"Brown", "StreetAddress":"4187 Essex Court", "City":"Jacksonville", "State":"VT", "ZipCode":"5342", "Country":"US", "EmailAddress":"GraceJBrown@rhyta.com", "TelephoneNumber":"802-368-5927", "TelephoneCountryCode":"1", "Birthday":"4/9/70", "NationalID":"009-40-0911", "BaseSalary":"80903", "Bonus":"8090", "Department":"Engineering", "Status":"Active - Regular Exempt (Full-time)", "ManagerGUID":"3ad0ffbc-3ade-4897-902b-718417a721f5", "point":{"lat":42.832363, "long":-72.842048}, "HiredDate":"2017-05-30"}