{"GUID":"3f8577a0-ee4b-4bb4-bba1-3d55d6bd5f6d", "Gender":"female", "Title":"Mrs.", "GivenName":"Ida", "MiddleInitial":"L", "Surname":"Edington", "StreetAddress":"186 Sunset Drive", "City":"Piggott", "State":"AR", "ZipCode":"72454", "Country":"US", "EmailAddress":"IdaLEdington@fleckens.hu", "TelephoneNumber":"870-634-6202", "TelephoneCountryCode":"1", "Birthday":"4/4/38", "NationalID":"676-07-5725", "BaseSalary":"40285", "Bonus":"4029", "Department":"R&D", "Status":"Active - Regular Exempt (Full-time)", "ManagerGUID":"695fdc37-42f1-4c19-9ba1-c4fe87454041", "point":{"lat":36.404444, "long":-90.159205}, "HiredDate":"2012-03-01"}