{"GUID":"3fbb3e79-d29f-4414-83ea-7ba9c1958aa5", "Gender":"male", "Title":"Mr.", "GivenName":"Thomas", "MiddleInitial":"M", "Surname":"Garrison", "StreetAddress":"3089 Lyon Avenue", "City":"Middleboro", "State":"MA", "ZipCode":"2346", "Country":"US", "EmailAddress":"ThomasMGarrison@gustr.com", "TelephoneNumber":"508-946-3112", "TelephoneCountryCode":"1", "Birthday":"6/27/52", "NationalID":"018-24-3435", "BaseSalary":"91063", "Bonus":"9106", "Department":"R&D", "Status":"Active - Regular Exempt (Full-time)", "ManagerGUID":"695fdc37-42f1-4c19-9ba1-c4fe87454041", "point":{"lat":41.891067, "long":-70.870308}, "HiredDate":"2019-11-27"}