{"GUID":"409c8731-49a4-4c6d-88f6-67175b46da20", "Gender":"female", "Title":"Ms.", "GivenName":"Josefina", "MiddleInitial":"R", "Surname":"Thomas", "StreetAddress":"3135 Orphan Road", "City":"Niagara Falls", "State":"NY", "ZipCode":"14301", "Country":"US", "EmailAddress":"JosefinaRThomas@superrito.com", "TelephoneNumber":"716-236-4563", "TelephoneCountryCode":"1", "Birthday":"7/9/68", "NationalID":"093-38-8061", "BaseSalary":"44287", "Bonus":"4429", "Department":"Marketing", "Status":"Active - Regular Exempt (Full-time)", "ManagerGUID":"d0862e5d-5be6-473b-a500-3e3a852b2bb8", "point":{"lat":43.072274, "long":-79.120804}, "HiredDate":"2014-12-19"}