{"GUID":"41817657-0cae-4e49-817e-fbde7ca6ac5e", "Gender":"male", "Title":"Mr.", "GivenName":"William", "MiddleInitial":"S", "Surname":"Walker", "StreetAddress":"3148 Strother Street", "City":"Birmingham", "State":"AL", "ZipCode":"35203", "Country":"US", "EmailAddress":"WilliamSWalker@gustr.com", "TelephoneNumber":"205-567-0293", "TelephoneCountryCode":"1", "Birthday":"6/23/82", "NationalID":"419-39-2265", "BaseSalary":"70540", "Bonus":"7054", "Department":"Sales", "Status":"Active - Regular Exempt (Full-time)", "ManagerGUID":"07bb968f-e95e-4c40-8889-d88ba6b369d0", "point":{"lat":33.559101, "long":-86.779927}, "HiredDate":"2019-06-12"}