{"GUID":"41d6e338-f1a7-4fb2-af3b-d8161128b1ad", "Gender":"female", "Title":"Mrs.", "GivenName":"Christine", "MiddleInitial":"M", "Surname":"Rhoads", "StreetAddress":"748 Providence Lane", "City":"Glendora", "State":"CA", "ZipCode":"91740", "Country":"US", "EmailAddress":"ChristineMRhoads@dayrep.com", "TelephoneNumber":"626-963-4154", "TelephoneCountryCode":"1", "Birthday":"3/14/74", "NationalID":"606-16-3482", "BaseSalary":"96051", "Bonus":"9605", "Department":"Engineering", "Status":"Active - Regular Exempt (Full-time)", "ManagerGUID":"3ad0ffbc-3ade-4897-902b-718417a721f5", "point":{"lat":34.096529, "long":-117.764118}, "HiredDate":"2021-10-11"}