{"GUID":"43426dcf-a816-455e-b960-a19bd3001c1b", "Gender":"male", "Title":"Mr.", "GivenName":"Preston", "MiddleInitial":"V", "Surname":"Hitt", "StreetAddress":"3248 Bridge Street", "City":"Tulsa", "State":"OK", "ZipCode":"74103", "Country":"US", "EmailAddress":"PrestonVHitt@teleworm.us", "TelephoneNumber":"918-806-2183", "TelephoneCountryCode":"1", "Birthday":"10/31/73", "NationalID":"447-20-9338", "BaseSalary":"49750", "Bonus":"4975", "Department":"Sales", "Status":"Active - Regular Exempt (Full-time)", "ManagerGUID":"07bb968f-e95e-4c40-8889-d88ba6b369d0", "point":{"lat":36.076813, "long":-96.05319}, "HiredDate":"2021-01-26"}