{"GUID":"4381571b-934c-4419-acc1-6180133b3e2b", "Gender":"female", "Title":"Ms.", "GivenName":"Lucille", "MiddleInitial":"D", "Surname":"Nicholson", "StreetAddress":"347 Jadewood Drive", "City":"Lake Station", "State":"IN", "ZipCode":"46405", "Country":"US", "EmailAddress":"LucilleDNicholson@einrot.com", "TelephoneNumber":"219-962-5665", "TelephoneCountryCode":"1", "Birthday":"2/21/86", "NationalID":"315-08-2035", "BaseSalary":"33802", "Bonus":"3380", "Department":"Engineering", "Status":"Active - Regular Exempt (Full-time)", "ManagerGUID":"3ad0ffbc-3ade-4897-902b-718417a721f5", "point":{"lat":41.543205, "long":-87.226139}, "HiredDate":"2014-05-11"}