{"GUID":"442d630a-6990-4659-b451-067222cae5cb", "Gender":"female", "Title":"Mrs.", "GivenName":"Wanda", "MiddleInitial":"K", "Surname":"Gutierrez", "StreetAddress":"1960 Dawson Drive", "City":"Little Rock", "State":"AR", "ZipCode":"72208", "Country":"US", "EmailAddress":"WandaKGutierrez@superrito.com", "TelephoneNumber":"501-821-1774", "TelephoneCountryCode":"1", "Birthday":"6/2/50", "NationalID":"430-06-6495", "BaseSalary":"77450", "Bonus":"7745", "Department":"R&D", "Status":"Active - Regular Exempt (Full-time)", "ManagerGUID":"695fdc37-42f1-4c19-9ba1-c4fe87454041", "point":{"lat":34.670387, "long":-92.439825}, "HiredDate":"2022-04-16"}