{"GUID":"44488285-34f4-481a-ac1a-43a0079c6877", "Gender":"female", "Title":"Mrs.", "GivenName":"Mildred", "MiddleInitial":"F", "Surname":"Carey", "StreetAddress":"69 Jehovah Drive", "City":"Fredericksburg", "State":"VA", "ZipCode":"22408", "Country":"US", "EmailAddress":"MildredFCarey@gustr.com", "TelephoneNumber":"540-454-6806", "TelephoneCountryCode":"1", "Birthday":"2/6/88", "NationalID":"224-91-2130", "BaseSalary":"76570", "Bonus":"7657", "Department":"R&D", "Status":"Active - Regular Exempt (Full-time)", "ManagerGUID":"695fdc37-42f1-4c19-9ba1-c4fe87454041", "point":{"lat":38.197897, "long":-77.486768}, "HiredDate":"2012-09-19"}