{"GUID":"448c3bee-82ef-4ab3-a26f-3977f0b00fca", "Gender":"male", "Title":"Mr.", "GivenName":"Ron", "MiddleInitial":"S", "Surname":"Addison", "StreetAddress":"3751 Pooh Bear Lane", "City":"Greenville", "State":"SC", "ZipCode":"29601", "Country":"US", "EmailAddress":"RonSAddison@rhyta.com", "TelephoneNumber":"864-663-8823", "TelephoneCountryCode":"1", "Birthday":"5/24/35", "NationalID":"656-07-7584", "BaseSalary":"31330", "Bonus":"3133", "Department":"Sales", "Status":"Active - Regular Exempt (Full-time)", "ManagerGUID":"07bb968f-e95e-4c40-8889-d88ba6b369d0", "point":{"lat":34.748061, "long":-82.391179}, "HiredDate":"2018-08-13"}