{"GUID":"44b53146-0fd5-40e1-a8cf-57cbaf17722e", "Gender":"female", "Title":"Ms.", "GivenName":"Jennifer", "MiddleInitial":"R", "Surname":"Timmins", "StreetAddress":"1149 Douglas Dairy Road", "City":"Bristol", "State":"VA", "ZipCode":"24209", "Country":"US", "EmailAddress":"JenniferRTimmins@teleworm.us", "TelephoneNumber":"276-469-8101", "TelephoneCountryCode":"1", "Birthday":"11/26/53", "NationalID":"698-03-3130", "BaseSalary":"45066", "Bonus":"4507", "Department":"R&D", "Status":"Active - Regular Exempt (Full-time)", "ManagerGUID":"695fdc37-42f1-4c19-9ba1-c4fe87454041", "point":{"lat":36.694218, "long":-82.113143}, "HiredDate":"2013-11-19"}