{"GUID":"44d86734-8b3a-4473-abc7-bf2da0074a14", "Gender":"female", "Title":"Ms.", "GivenName":"Pat", "MiddleInitial":"E", "Surname":"Rasmussen", "StreetAddress":"2748 Arrowood Drive", "City":"Jacksonville", "State":"FL", "ZipCode":"32202", "Country":"US", "EmailAddress":"PatERasmussen@cuvox.de", "TelephoneNumber":"904-412-0220", "TelephoneCountryCode":"1", "Birthday":"11/2/71", "NationalID":"263-51-9832", "BaseSalary":"89240", "Bonus":"8924", "Department":"Sales", "Status":"Active - Regular Exempt (Full-time)", "ManagerGUID":"07bb968f-e95e-4c40-8889-d88ba6b369d0", "point":{"lat":30.327495, "long":-81.57411}, "HiredDate":"2017-10-09"}