{"GUID":"44fa1a85-ba59-41f3-9e6a-3f83fa57376f", "Gender":"male", "Title":"Mr.", "GivenName":"Deandre", "MiddleInitial":"T", "Surname":"Vazquez", "StreetAddress":"2146 Leisure Lane", "City":"San Luis Obispo", "State":"CA", "ZipCode":"93401", "Country":"US", "EmailAddress":"DeandreTVazquez@dayrep.com", "TelephoneNumber":"805-510-1223", "TelephoneCountryCode":"1", "Birthday":"9/8/33", "NationalID":"623-23-1497", "BaseSalary":"64562", "Bonus":"6456", "Department":"Marketing", "Status":"Active - Regular Exempt (Full-time)", "ManagerGUID":"d0862e5d-5be6-473b-a500-3e3a852b2bb8", "point":{"lat":35.194917, "long":-120.636852}, "HiredDate":"2020-05-31"}