{"GUID":"463e2874-c68d-4952-92eb-b5b97f559198", "Gender":"female", "Title":"Mrs.", "GivenName":"Vivian", "MiddleInitial":"A", "Surname":"Latshaw", "StreetAddress":"4552 Meadow Drive", "City":"Oklahoma City", "State":"OK", "ZipCode":"73128", "Country":"US", "EmailAddress":"VivianALatshaw@superrito.com", "TelephoneNumber":"405-926-3244", "TelephoneCountryCode":"1", "Birthday":"6/27/61", "NationalID":"446-62-9920", "BaseSalary":"79316", "Bonus":"7932", "Department":"Marketing", "Status":"Active - Regular Exempt (Full-time)", "ManagerGUID":"d0862e5d-5be6-473b-a500-3e3a852b2bb8", "point":{"lat":35.446302, "long":-97.682675}, "HiredDate":"2015-06-08"}