{"GUID":"466c0535-c054-4d6e-9324-080a2beecb64", "Gender":"male", "Title":"Dr.", "GivenName":"Enrique", "MiddleInitial":"L", "Surname":"Finn", "StreetAddress":"3666 Poe Lane", "City":"Kansas City", "State":"KS", "ZipCode":"66101", "Country":"US", "EmailAddress":"EnriqueLFinn@einrot.com", "TelephoneNumber":"913-627-0643", "TelephoneCountryCode":"1", "Birthday":"1/15/90", "NationalID":"511-38-7086", "BaseSalary":"24980", "Bonus":"2498", "Department":"Sales", "Status":"Active - Regular Exempt (Full-time)", "ManagerGUID":"07bb968f-e95e-4c40-8889-d88ba6b369d0", "point":{"lat":39.030175, "long":-94.526796}, "HiredDate":"2022-07-02"}