{"GUID":"481980e6-a4b9-4c99-9784-43bff31e2052", "Gender":"male", "Title":"Mr.", "GivenName":"Brian", "MiddleInitial":"S", "Surname":"Cortez", "StreetAddress":"4414 Cheshire Road", "City":"Westville", "State":"CT", "ZipCode":"6515", "Country":"US", "EmailAddress":"BrianSCortez@dayrep.com", "TelephoneNumber":"203-387-1039", "TelephoneCountryCode":"1", "Birthday":"5/19/87", "NationalID":"040-24-0942", "BaseSalary":"46601", "Bonus":"4660", "Department":"Sales", "Status":"Active - Regular Exempt (Full-time)", "ManagerGUID":"07bb968f-e95e-4c40-8889-d88ba6b369d0", "point":{"lat":41.354399, "long":-72.903246}, "HiredDate":"2012-01-23"}