{"GUID":"48f9e385-0857-4499-bc22-d4044f07c715", "Gender":"female", "Title":"Mrs.", "GivenName":"Babara", "MiddleInitial":"R", "Surname":"Greene", "StreetAddress":"4615 Turkey Pen Lane", "City":"Wetumpka", "State":"AL", "ZipCode":"36092", "Country":"US", "EmailAddress":"BabaraRGreene@superrito.com", "TelephoneNumber":"334-567-0637", "TelephoneCountryCode":"1", "Birthday":"2/12/48", "NationalID":"423-56-0661", "BaseSalary":"65402", "Bonus":"6540", "Department":"Sales", "Status":"Active - Regular Exempt (Full-time)", "ManagerGUID":"07bb968f-e95e-4c40-8889-d88ba6b369d0", "point":{"lat":32.593916, "long":-86.074241}, "HiredDate":"2013-12-19"}