{"GUID":"49411cf9-b80f-4ebc-a9b0-9e622b510785", "Gender":"female", "Title":"Ms.", "GivenName":"Mary", "MiddleInitial":"K", "Surname":"Bell", "StreetAddress":"1336 Overlook Drive", "City":"Martinsville", "State":"IN", "ZipCode":"46151", "Country":"US", "EmailAddress":"MaryKBell@jourrapide.com", "TelephoneNumber":"765-342-9680", "TelephoneCountryCode":"1", "Birthday":"7/20/93", "NationalID":"312-94-7823", "BaseSalary":"70610", "Bonus":"7061", "Department":"Marketing", "Status":"Active - Regular Exempt (Full-time)", "ManagerGUID":"d0862e5d-5be6-473b-a500-3e3a852b2bb8", "point":{"lat":39.406104, "long":-86.543719}, "HiredDate":"2016-03-15"}