{"GUID":"496dc504-bf0a-4ffc-b0b0-1496df2e145a", "Gender":"male", "Title":"Dr.", "GivenName":"Warren", "MiddleInitial":"E", "Surname":"Romero", "StreetAddress":"1106 Tree Top Lane", "City":"Neffs", "State":"PA", "ZipCode":"18065", "Country":"US", "EmailAddress":"WarrenERomero@armyspy.com", "TelephoneNumber":"610-224-8235", "TelephoneCountryCode":"1", "Birthday":"1/22/98", "NationalID":"208-05-7231", "BaseSalary":"75692", "Bonus":"7569", "Department":"Sales", "Status":"Active - Regular Exempt (Full-time)", "ManagerGUID":"07bb968f-e95e-4c40-8889-d88ba6b369d0", "point":{"lat":40.714431, "long":-75.678064}, "HiredDate":"2020-07-21"}