{"GUID":"4989e1e3-5730-43f6-b69e-331ae962a68b", "Gender":"male", "Title":"Mr.", "GivenName":"Brandon", "MiddleInitial":"M", "Surname":"Alvarado", "StreetAddress":"2043 Dark Hollow Road", "City":"Pleasantville", "State":"NJ", "ZipCode":"8232", "Country":"US", "EmailAddress":"BrandonMAlvarado@einrot.com", "TelephoneNumber":"609-241-2722", "TelephoneCountryCode":"1", "Birthday":"1/20/53", "NationalID":"152-22-7890", "BaseSalary":"82444", "Bonus":"8244", "Department":"Marketing", "Status":"Active - Regular Exempt (Full-time)", "ManagerGUID":"d0862e5d-5be6-473b-a500-3e3a852b2bb8", "point":{"lat":39.398739, "long":-74.551631}, "HiredDate":"2015-11-19"}