{"GUID":"4b346370-786e-488b-a632-2036b57ef0b0", "Gender":"female", "Title":"Mrs.", "GivenName":"Janet", "MiddleInitial":"E", "Surname":"Blair", "StreetAddress":"2734 Sherwood Circle", "City":"Lafayette", "State":"LA", "ZipCode":"70503", "Country":"US", "EmailAddress":"JanetEBlair@einrot.com", "TelephoneNumber":"337-219-8538", "TelephoneCountryCode":"1", "Birthday":"6/30/48", "NationalID":"435-51-1454", "BaseSalary":"41884", "Bonus":"4188", "Department":"Marketing", "Status":"Active - Regular Exempt (Full-time)", "ManagerGUID":"d0862e5d-5be6-473b-a500-3e3a852b2bb8", "point":{"lat":30.257213, "long":-92.144739}, "HiredDate":"2014-05-05"}