{"GUID":"4bb89722-fe4d-45ee-9e6b-d28f1ab46e83", "Gender":"male", "Title":"Mr.", "GivenName":"Johnny", "MiddleInitial":"P", "Surname":"Keeble", "StreetAddress":"4826 Clarence Court", "City":"Southern Pines", "State":"NC", "ZipCode":"28387", "Country":"US", "EmailAddress":"JohnnyPKeeble@gustr.com", "TelephoneNumber":"910-246-3003", "TelephoneCountryCode":"1", "Birthday":"3/27/98", "NationalID":"686-03-5871", "BaseSalary":"61073", "Bonus":"6107", "Department":"R&D", "Status":"Active - Regular Exempt (Full-time)", "ManagerGUID":"695fdc37-42f1-4c19-9ba1-c4fe87454041", "point":{"lat":35.220905, "long":-79.286262}, "HiredDate":"2012-07-07"}