{"GUID":"4bd34470-fe0f-4a41-b0bf-4f60ccd6ceb2", "Gender":"male", "Title":"Mr.", "GivenName":"Williams", "MiddleInitial":"V", "Surname":"Alban", "StreetAddress":"3276 Hilltop Drive", "City":"Abernathy", "State":"TX", "ZipCode":"79311", "Country":"US", "EmailAddress":"WilliamsVAlban@superrito.com", "TelephoneNumber":"806-298-0921", "TelephoneCountryCode":"1", "Birthday":"12/7/76", "NationalID":"467-88-5981", "BaseSalary":"58571", "Bonus":"5857", "Department":"Marketing", "Status":"Active - Regular Exempt (Full-time)", "ManagerGUID":"d0862e5d-5be6-473b-a500-3e3a852b2bb8", "point":{"lat":33.872989, "long":-101.842323}, "HiredDate":"2016-01-08"}