{"GUID":"4cd50e84-6895-445f-b53b-fe7ac4d3a828", "Gender":"male", "Title":"Mr.", "GivenName":"Marvin", "MiddleInitial":"J", "Surname":"Ward", "StreetAddress":"2750 Trymore Road", "City":"Caledonia", "State":"MN", "ZipCode":"55921", "Country":"US", "EmailAddress":"MarvinJWard@gustr.com", "TelephoneNumber":"507-725-7573", "TelephoneCountryCode":"1", "Birthday":"10/1/41", "NationalID":"470-78-6014", "BaseSalary":"58587", "Bonus":"5859", "Department":"Engineering", "Status":"Active - Regular Exempt (Full-time)", "ManagerGUID":"3ad0ffbc-3ade-4897-902b-718417a721f5", "point":{"lat":43.603488, "long":-91.447182}, "HiredDate":"2013-01-01"}