{"GUID":"4d3bc5e1-5004-4e6e-816e-0e3800513454", "Gender":"male", "Title":"Mr.", "GivenName":"John", "MiddleInitial":"M", "Surname":"Fox", "StreetAddress":"1137 Saints Alley", "City":"Plant City", "State":"FL", "ZipCode":"33564", "Country":"US", "EmailAddress":"JohnMFox@gustr.com", "TelephoneNumber":"813-759-3236", "TelephoneCountryCode":"1", "Birthday":"3/10/70", "NationalID":"594-17-8847", "BaseSalary":"52868", "Bonus":"5287", "Department":"R&D", "Status":"Active - Regular Exempt (Full-time)", "ManagerGUID":"695fdc37-42f1-4c19-9ba1-c4fe87454041", "point":{"lat":27.997846, "long":-82.112935}, "HiredDate":"2021-06-03"}