{"GUID":"4d6f85c5-c887-4623-9844-21bf1f1c5403", "Gender":"male", "Title":"Mr.", "GivenName":"Glenn", "MiddleInitial":"E", "Surname":"Resendez", "StreetAddress":"4006 Bingamon Road", "City":"Pierpont", "State":"OH", "ZipCode":"44082", "Country":"US", "EmailAddress":"GlennEResendez@dayrep.com", "TelephoneNumber":"440-577-4775", "TelephoneCountryCode":"1", "Birthday":"7/10/43", "NationalID":"271-70-0530", "BaseSalary":"50188", "Bonus":"5019", "Department":"Marketing", "Status":"Active - Regular Exempt (Full-time)", "ManagerGUID":"d0862e5d-5be6-473b-a500-3e3a852b2bb8", "point":{"lat":41.858663, "long":-80.616825}, "HiredDate":"2012-06-21"}