{"GUID":"4e294242-dc13-45e8-9144-71edfddda86d", "Gender":"female", "Title":"Ms.", "GivenName":"Chris", "MiddleInitial":"J", "Surname":"Roney", "StreetAddress":"2050 Dola Mine Road", "City":"Fuquay Varina", "State":"NC", "ZipCode":"27526", "Country":"US", "EmailAddress":"ChrisJRoney@rhyta.com", "TelephoneNumber":"919-346-6416", "TelephoneCountryCode":"1", "Birthday":"3/10/83", "NationalID":"244-62-1505", "BaseSalary":"96930", "Bonus":"9693", "Department":"Marketing", "Status":"Active - Regular Exempt (Full-time)", "ManagerGUID":"d0862e5d-5be6-473b-a500-3e3a852b2bb8", "point":{"lat":35.452848, "long":-78.912063}, "HiredDate":"2022-02-19"}