{"GUID":"4e35e592-d4f6-49ad-8f8d-61bfeaf957a4", "Gender":"female", "Title":"Ms.", "GivenName":"Ione", "MiddleInitial":"K", "Surname":"Driscoll", "StreetAddress":"3385 Woodland Drive", "City":"Schaumburg", "State":"IL", "ZipCode":"60173", "Country":"US", "EmailAddress":"IoneKDriscoll@dayrep.com", "TelephoneNumber":"708-987-1054", "TelephoneCountryCode":"1", "Birthday":"10/7/81", "NationalID":"334-24-2843", "BaseSalary":"64278", "Bonus":"6428", "Department":"Marketing", "Status":"Active - Regular Exempt (Full-time)", "ManagerGUID":"d0862e5d-5be6-473b-a500-3e3a852b2bb8", "point":{"lat":42.035303, "long":-88.028167}, "HiredDate":"2022-08-09"}