{"GUID":"4ebed32f-4a0d-4061-bbcd-7cdf31490335", "Gender":"male", "Title":"Mr.", "GivenName":"Carlos", "MiddleInitial":"E", "Surname":"Heller", "StreetAddress":"2236 Center Avenue", "City":"Fresno", "State":"CA", "ZipCode":"93721", "Country":"US", "EmailAddress":"CarlosEHeller@einrot.com", "TelephoneNumber":"559-421-8375", "TelephoneCountryCode":"1", "Birthday":"11/30/68", "NationalID":"619-54-3299", "BaseSalary":"59659", "Bonus":"5966", "Department":"R&D", "Status":"Active - Regular Exempt (Full-time)", "ManagerGUID":"695fdc37-42f1-4c19-9ba1-c4fe87454041", "point":{"lat":36.74674, "long":-119.871255}, "HiredDate":"2013-11-12"}