{"GUID":"4ec6ad78-6671-4b61-ba39-40eab940b83e", "Gender":"female", "Title":"Mrs.", "GivenName":"Vera", "MiddleInitial":"S", "Surname":"Cunningham", "StreetAddress":"453 Kerry Way", "City":"Los Angeles", "State":"CA", "ZipCode":"90017", "Country":"US", "EmailAddress":"VeraSCunningham@armyspy.com", "TelephoneNumber":"562-737-5479", "TelephoneCountryCode":"1", "Birthday":"2/17/97", "NationalID":"558-12-7933", "BaseSalary":"67314", "Bonus":"6731", "Department":"R&D", "Status":"Active - Regular Exempt (Full-time)", "ManagerGUID":"695fdc37-42f1-4c19-9ba1-c4fe87454041", "point":{"lat":34.144025, "long":-118.257285}, "HiredDate":"2021-07-06"}