{"GUID":"4eeaab0e-f7bf-42cf-8038-dff117b4c3b5", "Gender":"female", "Title":"Ms.", "GivenName":"Colleen", "MiddleInitial":"C", "Surname":"Finley", "StreetAddress":"2155 Lowndes Hill Park Road", "City":"Bakersfield", "State":"CA", "ZipCode":"93307", "Country":"US", "EmailAddress":"ColleenCFinley@rhyta.com", "TelephoneNumber":"661-472-6103", "TelephoneCountryCode":"1", "Birthday":"2/10/76", "NationalID":"609-80-1250", "BaseSalary":"54232", "Bonus":"5423", "Department":"Sales", "Status":"Active - Regular Exempt (Full-time)", "ManagerGUID":"07bb968f-e95e-4c40-8889-d88ba6b369d0", "point":{"lat":35.105755, "long":-118.929687}, "HiredDate":"2021-02-17"}