{"GUID":"4fecd2e2-f866-4ea5-b1e5-c281faf30cb8", "Gender":"female", "Title":"Mrs.", "GivenName":"Jo", "MiddleInitial":"L", "Surname":"Fish", "StreetAddress":"2030 Fincham Road", "City":"Carlsbad", "State":"CA", "ZipCode":"92009", "Country":"US", "EmailAddress":"JoLFish@teleworm.us", "TelephoneNumber":"760-579-8412", "TelephoneCountryCode":"1", "Birthday":"9/18/98", "NationalID":"617-21-6432", "BaseSalary":"23140", "Bonus":"2314", "Department":"Training", "Status":"Active - Regular Exempt (Full-time)", "ManagerGUID":"0004880b-4826-4706-89e8-ba17f415a669", "point":{"lat":33.068996, "long":-117.259986}, "HiredDate":"2020-06-29"}