{"GUID":"506167e5-6f67-4b52-b5ce-e0b157912483", "Gender":"female", "Title":"Ms.", "GivenName":"Nancy", "MiddleInitial":"C", "Surname":"Hughes", "StreetAddress":"184 Feathers Hooves Drive", "City":"New York", "State":"NY", "ZipCode":"10013", "Country":"US", "EmailAddress":"NancyCHughes@dayrep.com", "TelephoneNumber":"631-613-5918", "TelephoneCountryCode":"1", "Birthday":"8/23/53", "NationalID":"119-90-8633", "BaseSalary":"93137", "Bonus":"9314", "Department":"R&D", "Status":"Active - Regular Exempt (Full-time)", "ManagerGUID":"695fdc37-42f1-4c19-9ba1-c4fe87454041", "point":{"lat":40.704173, "long":-73.9921}, "HiredDate":"2019-11-05"}