{"GUID":"50ba3306-5ea3-4017-88eb-0ec3b8c74bad", "Gender":"male", "Title":"Mr.", "GivenName":"James", "MiddleInitial":"M", "Surname":"Brown", "StreetAddress":"1828 Carolyns Circle", "City":"Dallas", "State":"TX", "ZipCode":"75202", "Country":"US", "EmailAddress":"JamesMBrown@armyspy.com", "TelephoneNumber":"214-767-5139", "TelephoneCountryCode":"1", "Birthday":"4/16/80", "NationalID":"467-98-9483", "BaseSalary":"60626", "Bonus":"6063", "Department":"Sales", "Status":"Active - Regular Exempt (Full-time)", "ManagerGUID":"07bb968f-e95e-4c40-8889-d88ba6b369d0", "point":{"lat":32.838377, "long":-96.804707}, "HiredDate":"2022-01-23"}