{"GUID":"5183259f-4a06-43ea-910d-1bd1f9b4d913", "Gender":"male", "Title":"Mr.", "GivenName":"Walter", "MiddleInitial":"D", "Surname":"Harper", "StreetAddress":"2174 Goldleaf Lane", "City":"Newark", "State":"NJ", "ZipCode":"7102", "Country":"US", "EmailAddress":"WalterDHarper@fleckens.hu", "TelephoneNumber":"201-564-5132", "TelephoneCountryCode":"1", "Birthday":"8/14/48", "NationalID":"154-11-9819", "BaseSalary":"33654", "Bonus":"3365", "Department":"Engineering", "Status":"Active - Regular Exempt (Full-time)", "ManagerGUID":"3ad0ffbc-3ade-4897-902b-718417a721f5", "point":{"lat":40.651495, "long":-74.123639}, "HiredDate":"2022-06-27"}