{"GUID":"51afabe1-efa5-4feb-86c3-a3082ce62045", "Gender":"female", "Title":"Ms.", "GivenName":"Joanne", "MiddleInitial":"F", "Surname":"Vaughn", "StreetAddress":"4894 Kerry Way", "City":"Gardena", "State":"CA", "ZipCode":"90247", "Country":"US", "EmailAddress":"JoanneFVaughn@dayrep.com", "TelephoneNumber":"562-853-8209", "TelephoneCountryCode":"1", "Birthday":"9/11/39", "NationalID":"547-32-5085", "BaseSalary":"28130", "Bonus":"2813", "Department":"Marketing", "Status":"Active - Regular Exempt (Full-time)", "ManagerGUID":"d0862e5d-5be6-473b-a500-3e3a852b2bb8", "point":{"lat":33.967282, "long":-118.36419}, "HiredDate":"2019-12-18"}