{"GUID":"51d322bd-9ecc-4da9-9de9-f9bb3fdfbdf6", "Gender":"female", "Title":"Ms.", "GivenName":"Mary", "MiddleInitial":"R", "Surname":"Scott", "StreetAddress":"2179 Hershell Hollow Road", "City":"Chattanooga", "State":"TN", "ZipCode":"37421", "Country":"US", "EmailAddress":"MaryRScott@armyspy.com", "TelephoneNumber":"423-987-6851", "TelephoneCountryCode":"1", "Birthday":"10/12/97", "NationalID":"762-01-1759", "BaseSalary":"41210", "Bonus":"4121", "Department":"R&D", "Status":"Active - Regular Exempt (Full-time)", "ManagerGUID":"695fdc37-42f1-4c19-9ba1-c4fe87454041", "point":{"lat":34.962963, "long":-85.24915}, "HiredDate":"2019-01-20"}