{"GUID":"5206e4ef-7ade-4804-a479-56ecba077fd9", "Gender":"female", "Title":"Mrs.", "GivenName":"Jacqueline", "MiddleInitial":"J", "Surname":"Sasser", "StreetAddress":"602 Watson Lane", "City":"New Braunfels", "State":"TX", "ZipCode":"78130", "Country":"US", "EmailAddress":"JacquelineJSasser@einrot.com", "TelephoneNumber":"830-221-6813", "TelephoneCountryCode":"1", "Birthday":"2/28/72", "NationalID":"467-66-4980", "BaseSalary":"82999", "Bonus":"8300", "Department":"R&D", "Status":"Active - Regular Exempt (Full-time)", "ManagerGUID":"695fdc37-42f1-4c19-9ba1-c4fe87454041", "point":{"lat":29.664756, "long":-97.978749}, "HiredDate":"2019-08-02"}