{"GUID":"538b7713-538e-466d-a192-05a7c29a8e89", "Gender":"female", "Title":"Mrs.", "GivenName":"Marlene", "MiddleInitial":"M", "Surname":"Hurt", "StreetAddress":"1588 Elliot Avenue", "City":"Seattle", "State":"WA", "ZipCode":"98115", "Country":"US", "EmailAddress":"MarleneMHurt@superrito.com", "TelephoneNumber":"206-522-2465", "TelephoneCountryCode":"1", "Birthday":"4/23/65", "NationalID":"532-04-8584", "BaseSalary":"58248", "Bonus":"5825", "Department":"Sales", "Status":"Active - Regular Exempt (Full-time)", "ManagerGUID":"07bb968f-e95e-4c40-8889-d88ba6b369d0", "point":{"lat":47.697635, "long":-122.219841}, "HiredDate":"2022-07-29"}