{"GUID":"53febae1-0d6a-4423-b393-95765b66cf1f", "Gender":"male", "Title":"Mr.", "GivenName":"Darryl", "MiddleInitial":"N", "Surname":"Lemay", "StreetAddress":"3531 Better Street", "City":"Savannah", "State":"GA", "ZipCode":"31408", "Country":"US", "EmailAddress":"DarrylNLemay@cuvox.de", "TelephoneNumber":"912-966-8132", "TelephoneCountryCode":"1", "Birthday":"3/11/51", "NationalID":"671-03-0404", "BaseSalary":"36138", "Bonus":"3614", "Department":"Engineering", "Status":"Active - Regular Exempt (Full-time)", "ManagerGUID":"3ad0ffbc-3ade-4897-902b-718417a721f5", "point":{"lat":32.197977, "long":-81.097373}, "HiredDate":"2016-07-05"}