{"GUID":"54c2b552-6d3c-477b-af6a-30f7f5e3cf10", "Gender":"female", "Title":"Mrs.", "GivenName":"Nannette", "MiddleInitial":"C", "Surname":"Meyer", "StreetAddress":"1051 Hillhaven Drive", "City":"Los Angeles", "State":"CA", "ZipCode":"90017", "Country":"US", "EmailAddress":"NannetteCMeyer@gustr.com", "TelephoneNumber":"323-847-6497", "TelephoneCountryCode":"1", "Birthday":"6/4/63", "NationalID":"559-56-4330", "BaseSalary":"54469", "Bonus":"5447", "Department":"Sales", "Status":"Active - Regular Exempt (Full-time)", "ManagerGUID":"07bb968f-e95e-4c40-8889-d88ba6b369d0", "point":{"lat":34.080234, "long":-118.293622}, "HiredDate":"2017-09-26"}