{"GUID":"55ccd1df-386d-466a-9a06-14d5529aab55", "Gender":"male", "Title":"Mr.", "GivenName":"Robert", "MiddleInitial":"L", "Surname":"Novak", "StreetAddress":"222 Duck Creek Road", "City":"Palo Alto", "State":"CA", "ZipCode":"94306", "Country":"US", "EmailAddress":"RobertLNovak@jourrapide.com", "TelephoneNumber":"650-842-3867", "TelephoneCountryCode":"1", "Birthday":"7/23/41", "NationalID":"567-45-8295", "BaseSalary":"96143", "Bonus":"9614", "Department":"Engineering", "Status":"Active - Regular Exempt (Full-time)", "ManagerGUID":"3ad0ffbc-3ade-4897-902b-718417a721f5", "point":{"lat":37.31645, "long":-122.113541}, "HiredDate":"2021-04-24"}