{"GUID":"5899d871-1261-4057-ab3e-7fea1577ba61", "Gender":"male", "Title":"Mr.", "GivenName":"Scott", "MiddleInitial":"M", "Surname":"Schaaf", "StreetAddress":"3586 Paradise Lane", "City":"Pomona", "State":"CA", "ZipCode":"91766", "Country":"US", "EmailAddress":"ScottMSchaaf@rhyta.com", "TelephoneNumber":"909-629-3047", "TelephoneCountryCode":"1", "Birthday":"9/25/45", "NationalID":"561-42-6126", "BaseSalary":"79460", "Bonus":"7946", "Department":"Engineering", "Status":"Active - Regular Exempt (Full-time)", "ManagerGUID":"3ad0ffbc-3ade-4897-902b-718417a721f5", "point":{"lat":34.014225, "long":-117.843894}, "HiredDate":"2021-11-19"}