{"GUID":"58d2c4eb-e898-4641-a3f4-32cb6fe9b32d", "Gender":"female", "Title":"Mrs.", "GivenName":"Kelly", "MiddleInitial":"J", "Surname":"Hillard", "StreetAddress":"4587 Augusta Park", "City":"Flemington", "State":"WV", "ZipCode":"26347", "Country":"US", "EmailAddress":"KellyJHillard@teleworm.us", "TelephoneNumber":"304-739-1530", "TelephoneCountryCode":"1", "Birthday":"12/13/91", "NationalID":"235-88-4853", "BaseSalary":"59910", "Bonus":"5991", "Department":"Sales", "Status":"Active - Regular Exempt (Full-time)", "ManagerGUID":"07bb968f-e95e-4c40-8889-d88ba6b369d0", "point":{"lat":39.311372, "long":-80.206003}, "HiredDate":"2021-05-27"}