{"GUID":"5b4aadf4-da38-475e-9fdd-6c1da549c706", "Gender":"female", "Title":"Mrs.", "GivenName":"Leslie", "MiddleInitial":"P", "Surname":"Sealey", "StreetAddress":"4545 Valley Drive", "City":"Philadelphia", "State":"PA", "ZipCode":"19108", "Country":"US", "EmailAddress":"LesliePSealey@superrito.com", "TelephoneNumber":"267-276-0087", "TelephoneCountryCode":"1", "Birthday":"2/13/41", "NationalID":"168-24-0525", "BaseSalary":"80269", "Bonus":"8027", "Department":"Engineering", "Status":"Active - Regular Exempt (Full-time)", "ManagerGUID":"3ad0ffbc-3ade-4897-902b-718417a721f5", "point":{"lat":40.038488, "long":-75.185597}, "HiredDate":"2015-03-19"}