{"GUID":"5b86db47-1f47-462f-8867-039d8017445f", "Gender":"female", "Title":"Mrs.", "GivenName":"Ruth", "MiddleInitial":"P", "Surname":"Hawkins", "StreetAddress":"930 Cecil Street", "City":"Chicago", "State":"IL", "ZipCode":"60606", "Country":"US", "EmailAddress":"RuthPHawkins@einrot.com", "TelephoneNumber":"312-283-9416", "TelephoneCountryCode":"1", "Birthday":"2/3/97", "NationalID":"356-48-2195", "BaseSalary":"46740", "Bonus":"4674", "Department":"R&D", "Status":"Active - Regular Exempt (Full-time)", "ManagerGUID":"695fdc37-42f1-4c19-9ba1-c4fe87454041", "point":{"lat":41.795606, "long":-87.618732}, "HiredDate":"2014-03-28"}