{"GUID":"5bbfe555-568c-46b5-aaee-bf14e890bd61", "Gender":"female", "Title":"Mrs.", "GivenName":"Clarissa", "MiddleInitial":"T", "Surname":"Murphy", "StreetAddress":"3785 Poling Farm Road", "City":"Omaha", "State":"NE", "ZipCode":"68124", "Country":"US", "EmailAddress":"ClarissaTMurphy@dayrep.com", "TelephoneNumber":"402-294-8037", "TelephoneCountryCode":"1", "Birthday":"12/7/79", "NationalID":"506-36-5609", "BaseSalary":"79762", "Bonus":"7976", "Department":"R&D", "Status":"Active - Regular Exempt (Full-time)", "ManagerGUID":"695fdc37-42f1-4c19-9ba1-c4fe87454041", "point":{"lat":41.28164, "long":-95.959843}, "HiredDate":"2018-06-06"}