{"GUID":"5bdc812d-23bb-4eb0-a884-bdfc5db4b0f5", "Gender":"male", "Title":"Mr.", "GivenName":"Raymond", "MiddleInitial":"C", "Surname":"Green", "StreetAddress":"3466 Woodridge Lane", "City":"Arlington", "State":"TN", "ZipCode":"38002", "Country":"US", "EmailAddress":"RaymondCGreen@fleckens.hu", "TelephoneNumber":"901-355-4504", "TelephoneCountryCode":"1", "Birthday":"3/27/64", "NationalID":"412-74-2395", "BaseSalary":"60776", "Bonus":"6078", "Department":"Sales", "Status":"Active - Regular Exempt (Full-time)", "ManagerGUID":"07bb968f-e95e-4c40-8889-d88ba6b369d0", "point":{"lat":35.31008, "long":-89.683535}, "HiredDate":"2015-10-09"}