{"GUID":"5c14b872-f134-46ab-b839-d0aad6cb9d9c", "Gender":"male", "Title":"Mr.", "GivenName":"Wesley", "MiddleInitial":"B", "Surname":"Goodman", "StreetAddress":"1865 Oak Drive", "City":"Albany", "State":"NY", "ZipCode":"12204", "Country":"US", "EmailAddress":"WesleyBGoodman@superrito.com", "TelephoneNumber":"518-657-7555", "TelephoneCountryCode":"1", "Birthday":"9/25/36", "NationalID":"091-80-6727", "BaseSalary":"62577", "Bonus":"6258", "Department":"R&D", "Status":"Active - Regular Exempt (Full-time)", "ManagerGUID":"695fdc37-42f1-4c19-9ba1-c4fe87454041", "point":{"lat":42.722773, "long":-73.712379}, "HiredDate":"2019-07-21"}