{"GUID":"5d13fe93-817d-4bcd-a607-58c22e5d715e", "Gender":"male", "Title":"Mr.", "GivenName":"Edwin", "MiddleInitial":"M", "Surname":"Seibert", "StreetAddress":"1546 Elsie Drive", "City":"Roscoe", "State":"SD", "ZipCode":"57471", "Country":"US", "EmailAddress":"EdwinMSeibert@gustr.com", "TelephoneNumber":"605-287-7764", "TelephoneCountryCode":"1", "Birthday":"1/16/48", "NationalID":"503-86-3565", "BaseSalary":"59240", "Bonus":"5924", "Department":"R&D", "Status":"Active - Regular Exempt (Full-time)", "ManagerGUID":"695fdc37-42f1-4c19-9ba1-c4fe87454041", "point":{"lat":45.517728, "long":-99.352857}, "HiredDate":"2016-05-27"}