{"GUID":"5db769c7-db0e-48d4-9d81-6fe6f96d4ea5", "Gender":"male", "Title":"Mr.", "GivenName":"Jimmy", "MiddleInitial":"W", "Surname":"Johnson", "StreetAddress":"128 Pringle Drive", "City":"Chicago", "State":"IL", "ZipCode":"60605", "Country":"US", "EmailAddress":"JimmyWJohnson@einrot.com", "TelephoneNumber":"312-347-5210", "TelephoneCountryCode":"1", "Birthday":"12/16/41", "NationalID":"345-52-1285", "BaseSalary":"98648", "Bonus":"9865", "Department":"Sales", "Status":"Active - Regular Exempt (Full-time)", "ManagerGUID":"07bb968f-e95e-4c40-8889-d88ba6b369d0", "point":{"lat":41.916418, "long":-87.654653}, "HiredDate":"2020-03-15"}