{"GUID":"5ded93ab-1f49-4e85-903c-0aef14a441e0", "Gender":"male", "Title":"Mr.", "GivenName":"Michel", "MiddleInitial":"E", "Surname":"Rosa", "StreetAddress":"4724 Tavern Place", "City":"Wheeling", "State":"WV", "ZipCode":"26003", "Country":"US", "EmailAddress":"MichelERosa@rhyta.com", "TelephoneNumber":"304-217-0484", "TelephoneCountryCode":"1", "Birthday":"2/2/84", "NationalID":"235-33-9087", "BaseSalary":"39456", "Bonus":"3946", "Department":"Sales", "Status":"Active - Regular Exempt (Full-time)", "ManagerGUID":"07bb968f-e95e-4c40-8889-d88ba6b369d0", "point":{"lat":40.148728, "long":-80.673611}, "HiredDate":"2017-07-10"}