{"GUID":"5e883a49-025d-48a7-b008-42f3cb537f00", "Gender":"male", "Title":"Mr.", "GivenName":"Rolland", "MiddleInitial":"H", "Surname":"Robinson", "StreetAddress":"644 Franklee Lane", "City":"Paoli", "State":"PA", "ZipCode":"19301", "Country":"US", "EmailAddress":"RollandHRobinson@fleckens.hu", "TelephoneNumber":"484-618-4578", "TelephoneCountryCode":"1", "Birthday":"5/11/81", "NationalID":"174-82-5515", "BaseSalary":"51917", "Bonus":"5192", "Department":"R&D", "Status":"Active - Regular Exempt (Full-time)", "ManagerGUID":"695fdc37-42f1-4c19-9ba1-c4fe87454041", "point":{"lat":39.949841, "long":-75.441115}, "HiredDate":"2013-12-25"}