{"GUID":"5f1abc14-13b9-4132-a69d-e08f36b65115", "Gender":"female", "Title":"Mrs.", "GivenName":"Ada", "MiddleInitial":"E", "Surname":"Ritchie", "StreetAddress":"4665 Dovetail Estates", "City":"Oklahoma City", "State":"OK", "ZipCode":"73102", "Country":"US", "EmailAddress":"AdaERitchie@armyspy.com", "TelephoneNumber":"580-895-5364", "TelephoneCountryCode":"1", "Birthday":"1/16/36", "NationalID":"444-07-4696", "BaseSalary":"70052", "Bonus":"7005", "Department":"Marketing", "Status":"Active - Regular Exempt (Full-time)", "ManagerGUID":"d0862e5d-5be6-473b-a500-3e3a852b2bb8", "point":{"lat":35.541616, "long":-97.536817}, "HiredDate":"2012-03-04"}