{"GUID":"5f36c299-9ae5-446a-80b0-35934b065c6b", "Gender":"female", "Title":"Mrs.", "GivenName":"Lori", "MiddleInitial":"M", "Surname":"Parson", "StreetAddress":"3259 Howard Street", "City":"Grand Rapids", "State":"MI", "ZipCode":"49503", "Country":"US", "EmailAddress":"LoriMParson@teleworm.us", "TelephoneNumber":"616-537-9972", "TelephoneCountryCode":"1", "Birthday":"10/13/38", "NationalID":"363-92-9287", "BaseSalary":"37756", "Bonus":"3776", "Department":"R&D", "Status":"Active - Regular Exempt (Full-time)", "ManagerGUID":"695fdc37-42f1-4c19-9ba1-c4fe87454041", "point":{"lat":43.041224, "long":-85.653571}, "HiredDate":"2016-05-18"}