{"GUID":"5fa89cc0-4969-4023-a5c0-6189adb9423d", "Gender":"female", "Title":"Ms.", "GivenName":"Alice", "MiddleInitial":"J", "Surname":"O'Connor", "StreetAddress":"248 Juniper Drive", "City":"Saginaw", "State":"MI", "ZipCode":"48607", "Country":"US", "EmailAddress":"AliceJOConnor@teleworm.us", "TelephoneNumber":"989-921-7268", "TelephoneCountryCode":"1", "Birthday":"12/31/98", "NationalID":"375-08-8442", "BaseSalary":"42786", "Bonus":"4279", "Department":"Marketing", "Status":"Active - Regular Exempt (Full-time)", "ManagerGUID":"d0862e5d-5be6-473b-a500-3e3a852b2bb8", "point":{"lat":43.405915, "long":-83.972463}, "HiredDate":"2016-06-26"}