{"GUID":"61bc340a-cc20-417b-8aa3-0ec967474775", "Gender":"male", "Title":"Mr.", "GivenName":"Sammy", "MiddleInitial":"J", "Surname":"Buchanan", "StreetAddress":"2553 Cantebury Drive", "City":"New York", "State":"NY", "ZipCode":"10011", "Country":"US", "EmailAddress":"SammyJBuchanan@gustr.com", "TelephoneNumber":"646-546-9716", "TelephoneCountryCode":"1", "Birthday":"3/3/34", "NationalID":"125-32-2417", "BaseSalary":"78440", "Bonus":"7844", "Department":"Sales", "Status":"Active - Regular Exempt (Full-time)", "ManagerGUID":"07bb968f-e95e-4c40-8889-d88ba6b369d0", "point":{"lat":40.786842, "long":-73.905987}, "HiredDate":"2019-07-13"}