{"GUID":"62a8a401-d156-4827-8bcb-8f6aa63a8a88", "Gender":"female", "Title":"Ms.", "GivenName":"Corrine", "MiddleInitial":"L", "Surname":"Ogle", "StreetAddress":"4618 Chardonnay Drive", "City":"Montesano", "State":"WA", "ZipCode":"98563", "Country":"US", "EmailAddress":"CorrineLOgle@teleworm.us", "TelephoneNumber":"360-249-5078", "TelephoneCountryCode":"1", "Birthday":"11/9/37", "NationalID":"539-40-1406", "BaseSalary":"97658", "Bonus":"9766", "Department":"Marketing", "Status":"Active - Regular Exempt (Full-time)", "ManagerGUID":"d0862e5d-5be6-473b-a500-3e3a852b2bb8", "point":{"lat":47.153674, "long":-123.67328}, "HiredDate":"2021-10-03"}