{"GUID":"634fb186-a0b0-4128-8d53-ac549028557e", "Gender":"female", "Title":"Ms.", "GivenName":"Michelle", "MiddleInitial":"R", "Surname":"Villanueva", "StreetAddress":"2301 Oakmound Road", "City":"Chicago", "State":"IL", "ZipCode":"60643", "Country":"US", "EmailAddress":"MichelleRVillanueva@gustr.com", "TelephoneNumber":"773-239-5589", "TelephoneCountryCode":"1", "Birthday":"10/4/48", "NationalID":"320-68-5663", "BaseSalary":"53202", "Bonus":"5320", "Department":"R&D", "Status":"Active - Regular Exempt (Full-time)", "ManagerGUID":"695fdc37-42f1-4c19-9ba1-c4fe87454041", "point":{"lat":41.70084, "long":-87.648956}, "HiredDate":"2017-12-25"}