{"GUID":"63f1f27a-fcb9-47d9-ac66-ffc02ec3dc9e", "Gender":"female", "Title":"Ms.", "GivenName":"Mildred", "MiddleInitial":"J", "Surname":"Briggs", "StreetAddress":"3271 Stout Street", "City":"York", "State":"PA", "ZipCode":"17403", "Country":"US", "EmailAddress":"MildredJBriggs@teleworm.us", "TelephoneNumber":"717-314-9382", "TelephoneCountryCode":"1", "Birthday":"1/23/53", "NationalID":"185-38-0360", "BaseSalary":"78690", "Bonus":"7869", "Department":"Marketing", "Status":"Active - Regular Exempt (Full-time)", "ManagerGUID":"d0862e5d-5be6-473b-a500-3e3a852b2bb8", "point":{"lat":39.879585, "long":-76.682157}, "HiredDate":"2020-09-01"}