{"GUID":"6435ca5b-c7a8-4547-8acd-00faa9a81882", "Gender":"male", "Title":"Mr.", "GivenName":"Richard", "MiddleInitial":"J", "Surname":"Hunt", "StreetAddress":"2707 James Street", "City":"East Pembroke", "State":"NY", "ZipCode":"14056", "Country":"US", "EmailAddress":"RichardJHunt@gustr.com", "TelephoneNumber":"585-762-0565", "TelephoneCountryCode":"1", "Birthday":"9/8/45", "NationalID":"104-70-3959", "BaseSalary":"46424", "Bonus":"4642", "Department":"R&D", "Status":"Active - Regular Exempt (Full-time)", "ManagerGUID":"695fdc37-42f1-4c19-9ba1-c4fe87454041", "point":{"lat":43.075417, "long":-78.246742}, "HiredDate":"2020-06-26"}