{"GUID":"645d1fc5-faf4-46d3-af4a-3d64b3d3cfa9", "Gender":"female", "Title":"Mrs.", "GivenName":"Flora", "MiddleInitial":"J", "Surname":"Torres", "StreetAddress":"2588 Woodland Terrace", "City":"Orangevale", "State":"CA", "ZipCode":"95662", "Country":"US", "EmailAddress":"FloraJTorres@gustr.com", "TelephoneNumber":"916-986-8412", "TelephoneCountryCode":"1", "Birthday":"9/13/56", "NationalID":"568-33-6733", "BaseSalary":"46500", "Bonus":"4650", "Department":"R&D", "Status":"Active - Regular Exempt (Full-time)", "ManagerGUID":"695fdc37-42f1-4c19-9ba1-c4fe87454041", "point":{"lat":38.585569, "long":-121.264501}, "HiredDate":"2022-06-09"}