{"GUID":"6504e20e-a8e8-4edc-a2c9-2e0d09cd0b21", "Gender":"male", "Title":"Mr.", "GivenName":"Anthony", "MiddleInitial":"P", "Surname":"Litz", "StreetAddress":"847 Oakway Lane", "City":"Los Angeles", "State":"CA", "ZipCode":"90017", "Country":"US", "EmailAddress":"AnthonyPLitz@superrito.com", "TelephoneNumber":"818-299-6193", "TelephoneCountryCode":"1", "Birthday":"6/7/66", "NationalID":"568-40-0989", "BaseSalary":"41179", "Bonus":"4118", "Department":"R&D", "Status":"Active - Regular Exempt (Full-time)", "ManagerGUID":"695fdc37-42f1-4c19-9ba1-c4fe87454041", "point":{"lat":33.977793, "long":-118.293395}, "HiredDate":"2015-08-14"}