{"GUID":"650ad84d-ba16-4884-8693-18f1b61bebf6", "Gender":"female", "Title":"Ms.", "GivenName":"Denise", "MiddleInitial":"R", "Surname":"Lee", "StreetAddress":"1763 Woodland Avenue", "City":"Metairie", "State":"LA", "ZipCode":"70001", "Country":"US", "EmailAddress":"DeniseRLee@jourrapide.com", "TelephoneNumber":"985-703-1974", "TelephoneCountryCode":"1", "Birthday":"9/8/62", "NationalID":"439-20-4791", "BaseSalary":"40496", "Bonus":"4050", "Department":"Marketing", "Status":"Active - Regular Exempt (Full-time)", "ManagerGUID":"d0862e5d-5be6-473b-a500-3e3a852b2bb8", "point":{"lat":29.922499, "long":-90.246409}, "HiredDate":"2018-09-08"}