{"GUID":"65381410-0ea3-405d-b72b-1883bf94f764", "Gender":"female", "Title":"Ms.", "GivenName":"Nona", "MiddleInitial":"D", "Surname":"Morin", "StreetAddress":"4441 Jefferson Street", "City":"Virginia Beach", "State":"VA", "ZipCode":"23456", "Country":"US", "EmailAddress":"NonaDMorin@superrito.com", "TelephoneNumber":"757-716-8155", "TelephoneCountryCode":"1", "Birthday":"1/21/68", "NationalID":"227-34-8655", "BaseSalary":"40964", "Bonus":"4096", "Department":"R&D", "Status":"Active - Regular Exempt (Full-time)", "ManagerGUID":"695fdc37-42f1-4c19-9ba1-c4fe87454041", "point":{"lat":36.711921, "long":-75.968461}, "HiredDate":"2018-07-28"}