{"GUID":"658cb5c3-09ee-4fa1-97fe-e9931ebb5d75", "Gender":"female", "Title":"Mrs.", "GivenName":"Darcy", "MiddleInitial":"E", "Surname":"Adams", "StreetAddress":"817 Orphan Road", "City":"Appleton", "State":"WI", "ZipCode":"54913", "Country":"US", "EmailAddress":"DarcyEAdams@cuvox.de", "TelephoneNumber":"715-891-3181", "TelephoneCountryCode":"1", "Birthday":"7/14/43", "NationalID":"387-40-6988", "BaseSalary":"82658", "Bonus":"8266", "Department":"Marketing", "Status":"Active - Regular Exempt (Full-time)", "ManagerGUID":"d0862e5d-5be6-473b-a500-3e3a852b2bb8", "point":{"lat":44.362746, "long":-88.305089}, "HiredDate":"2020-03-17"}