{"GUID":"6591192d-a840-4c0a-a762-3cc1524d7519", "Gender":"female", "Title":"Dr.", "GivenName":"Jessica", "MiddleInitial":"F", "Surname":"Connolly", "StreetAddress":"1858 Corbin Branch Road", "City":"Cleveland", "State":"TN", "ZipCode":"37311", "Country":"US", "EmailAddress":"JessicaFConnolly@armyspy.com", "TelephoneNumber":"423-472-0210", "TelephoneCountryCode":"1", "Birthday":"7/13/61", "NationalID":"414-36-7593", "BaseSalary":"77045", "Bonus":"7705", "Department":"Sales", "Status":"Active - Regular Exempt (Full-time)", "ManagerGUID":"07bb968f-e95e-4c40-8889-d88ba6b369d0", "point":{"lat":35.185467, "long":-84.90907}, "HiredDate":"2015-02-06"}