{"GUID":"665d4a66-1cc8-4b5d-878e-85110be85461", "Gender":"female", "Title":"Ms.", "GivenName":"Nana", "MiddleInitial":"D", "Surname":"Johnson", "StreetAddress":"1654 Marie Street", "City":"Hanover", "State":"MD", "ZipCode":"21076", "Country":"US", "EmailAddress":"NanaDJohnson@superrito.com", "TelephoneNumber":"410-903-6925", "TelephoneCountryCode":"1", "Birthday":"4/7/80", "NationalID":"219-18-1366", "BaseSalary":"98150", "Bonus":"9815", "Department":"Engineering", "Status":"Active - Regular Exempt (Full-time)", "ManagerGUID":"3ad0ffbc-3ade-4897-902b-718417a721f5", "point":{"lat":39.232685, "long":-76.710003}, "HiredDate":"2020-12-05"}