{"GUID":"676295cc-9fdb-4be4-b880-41fcb6d03b1a", "Gender":"male", "Title":"Mr.", "GivenName":"Randall", "MiddleInitial":"M", "Surname":"Harvey", "StreetAddress":"4538 Randall Drive", "City":"Kihei", "State":"HI", "ZipCode":"96753", "Country":"US", "EmailAddress":"RandallMHarvey@cuvox.de", "TelephoneNumber":"808-879-7462", "TelephoneCountryCode":"1", "Birthday":"9/14/74", "NationalID":"750-01-6563", "BaseSalary":"80085", "Bonus":"8009", "Department":"Engineering", "Status":"Active - Regular Exempt (Full-time)", "ManagerGUID":"3ad0ffbc-3ade-4897-902b-718417a721f5", "point":{"lat":20.770453, "long":-156.465388}, "HiredDate":"2012-12-10"}