{"GUID":"67b873b3-df15-417d-b3bc-fd35b20b9a23", "Gender":"male", "Title":"Mr.", "GivenName":"David", "MiddleInitial":"C", "Surname":"Grubbs", "StreetAddress":"447 Lyndon Street", "City":"Fort Washington", "State":"PA", "ZipCode":"19034", "Country":"US", "EmailAddress":"DavidCGrubbs@rhyta.com", "TelephoneNumber":"610-723-0715", "TelephoneCountryCode":"1", "Birthday":"1/30/94", "NationalID":"194-32-8666", "BaseSalary":"64772", "Bonus":"6477", "Department":"R&D", "Status":"Active - Regular Exempt (Full-time)", "ManagerGUID":"695fdc37-42f1-4c19-9ba1-c4fe87454041", "point":{"lat":40.211413, "long":-75.169769}, "HiredDate":"2017-12-30"}