{"GUID":"67ba986d-af98-49ee-b731-5b230853ad53", "Gender":"male", "Title":"Mr.", "GivenName":"Claude", "MiddleInitial":"M", "Surname":"Ashe", "StreetAddress":"1730 Hickory Heights Drive", "City":"Baltimore", "State":"MD", "ZipCode":"21202", "Country":"US", "EmailAddress":"ClaudeMAshe@superrito.com", "TelephoneNumber":"443-857-3960", "TelephoneCountryCode":"1", "Birthday":"3/17/53", "NationalID":"219-05-9482", "BaseSalary":"37942", "Bonus":"3794", "Department":"Engineering", "Status":"Active - Regular Exempt (Full-time)", "ManagerGUID":"3ad0ffbc-3ade-4897-902b-718417a721f5", "point":{"lat":39.359474, "long":-76.660789}, "HiredDate":"2015-07-15"}