{"GUID":"67df4ae7-7016-4cb7-be49-ceeb937928c9", "Gender":"female", "Title":"Mrs.", "GivenName":"Marie", "MiddleInitial":"G", "Surname":"Pugh", "StreetAddress":"1154 Harry Place", "City":"Davidson", "State":"NC", "ZipCode":"28036", "Country":"US", "EmailAddress":"MarieGPugh@armyspy.com", "TelephoneNumber":"704-758-1834", "TelephoneCountryCode":"1", "Birthday":"5/14/93", "NationalID":"240-28-6199", "BaseSalary":"76787", "Bonus":"7679", "Department":"Sales", "Status":"Active - Regular Exempt (Full-time)", "ManagerGUID":"07bb968f-e95e-4c40-8889-d88ba6b369d0", "point":{"lat":35.522126, "long":-80.754775}, "HiredDate":"2017-06-12"}