{"GUID":"6b05f0b3-e8e8-4e2e-b742-68c844c0f905", "Gender":"female", "Title":"Mrs.", "GivenName":"Erica", "MiddleInitial":"R", "Surname":"Brown", "StreetAddress":"573 Grey Fox Farm Road", "City":"Houston", "State":"TX", "ZipCode":"77073", "Country":"US", "EmailAddress":"EricaRBrown@fleckens.hu", "TelephoneNumber":"281-821-2780", "TelephoneCountryCode":"1", "Birthday":"10/22/86", "NationalID":"450-26-2987", "BaseSalary":"95162", "Bonus":"9516", "Department":"R&D", "Status":"Active - Regular Exempt (Full-time)", "ManagerGUID":"695fdc37-42f1-4c19-9ba1-c4fe87454041", "point":{"lat":29.973181, "long":-95.420279}, "HiredDate":"2021-02-14"}