{"GUID":"6b82cb8f-8933-4b9b-b1a9-2ec1c3d32a4f", "Gender":"female", "Title":"Mrs.", "GivenName":"Elaine", "MiddleInitial":"P", "Surname":"Dube", "StreetAddress":"4655 Par Drive", "City":"San Luis Obispo", "State":"CA", "ZipCode":"93401", "Country":"US", "EmailAddress":"ElainePDube@jourrapide.com", "TelephoneNumber":"805-787-5913", "TelephoneCountryCode":"1", "Birthday":"11/4/86", "NationalID":"618-60-2364", "BaseSalary":"28044", "Bonus":"2804", "Department":"R&D", "Status":"Active - Regular Exempt (Full-time)", "ManagerGUID":"695fdc37-42f1-4c19-9ba1-c4fe87454041", "point":{"lat":35.332658, "long":-120.600455}, "HiredDate":"2017-01-27"}