{"GUID":"6bdbcf42-996d-469e-a59c-199768c1f3b8", "Gender":"female", "Title":"Mrs.", "GivenName":"Linda", "MiddleInitial":"D", "Surname":"Thompson", "StreetAddress":"4512 Plainfield Avenue", "City":"Syracuse", "State":"NY", "ZipCode":"13224", "Country":"US", "EmailAddress":"LindaDThompson@gustr.com", "TelephoneNumber":"315-528-2435", "TelephoneCountryCode":"1", "Birthday":"6/16/63", "NationalID":"125-32-6246", "BaseSalary":"47424", "Bonus":"4742", "Department":"Sales", "Status":"Active - Regular Exempt (Full-time)", "ManagerGUID":"07bb968f-e95e-4c40-8889-d88ba6b369d0", "point":{"lat":42.963711, "long":-76.123566}, "HiredDate":"2018-11-21"}