{"GUID":"6c879b22-8439-4f8a-87ca-cc40c630df3e", "Gender":"female", "Title":"Mrs.", "GivenName":"Christine", "MiddleInitial":"T", "Surname":"Lal", "StreetAddress":"979 Lady Bug Drive", "City":"Bronx", "State":"NY", "ZipCode":"10459", "Country":"US", "EmailAddress":"ChristineTLal@cuvox.de", "TelephoneNumber":"718-991-1251", "TelephoneCountryCode":"1", "Birthday":"6/26/86", "NationalID":"110-18-9960", "BaseSalary":"99270", "Bonus":"9927", "Department":"R&D", "Status":"Active - Regular Exempt (Full-time)", "ManagerGUID":"695fdc37-42f1-4c19-9ba1-c4fe87454041", "point":{"lat":40.904689, "long":-73.846902}, "HiredDate":"2015-11-16"}