{"GUID":"6ca2d4ec-f819-4ec5-940c-947eb9cbbb64", "Gender":"female", "Title":"Dr.", "GivenName":"Mary", "MiddleInitial":"F", "Surname":"Kelly", "StreetAddress":"1162 Turnpike Drive", "City":"Huntsville", "State":"AL", "ZipCode":"35810", "Country":"US", "EmailAddress":"MaryFKelly@armyspy.com", "TelephoneNumber":"256-372-8049", "TelephoneCountryCode":"1", "Birthday":"10/28/83", "NationalID":"422-26-8257", "BaseSalary":"67132", "Bonus":"6713", "Department":"Engineering", "Status":"Active - Regular Exempt (Full-time)", "ManagerGUID":"3ad0ffbc-3ade-4897-902b-718417a721f5", "point":{"lat":34.773517, "long":-86.590025}, "HiredDate":"2021-07-03"}