{"GUID":"6cef4457-27ba-4f3c-90c9-9c2568574259", "Gender":"male", "Title":"Mr.", "GivenName":"Jerry", "MiddleInitial":"M", "Surname":"Freeman", "StreetAddress":"4025 Rose Avenue", "City":"Harahan", "State":"LA", "ZipCode":"70123", "Country":"US", "EmailAddress":"JerryMFreeman@superrito.com", "TelephoneNumber":"504-267-6022", "TelephoneCountryCode":"1", "Birthday":"3/2/59", "NationalID":"665-09-2958", "BaseSalary":"65000", "Bonus":"6500", "Department":"R&D", "Status":"Active - Regular Exempt (Full-time)", "ManagerGUID":"695fdc37-42f1-4c19-9ba1-c4fe87454041", "point":{"lat":29.867363, "long":-90.296819}, "HiredDate":"2016-06-14"}