{"GUID":"6d0387e1-69ee-46fe-97e0-37bee517b03e", "Gender":"female", "Title":"Ms.", "GivenName":"Mary", "MiddleInitial":"K", "Surname":"Campbell", "StreetAddress":"3027 Coffman Alley", "City":"Paducah", "State":"KY", "ZipCode":"42001", "Country":"US", "EmailAddress":"MaryKCampbell@dayrep.com", "TelephoneNumber":"270-695-8770", "TelephoneCountryCode":"1", "Birthday":"11/8/90", "NationalID":"402-02-8818", "BaseSalary":"55806", "Bonus":"5581", "Department":"R&D", "Status":"Active - Regular Exempt (Full-time)", "ManagerGUID":"695fdc37-42f1-4c19-9ba1-c4fe87454041", "point":{"lat":37.102996, "long":-88.796254}, "HiredDate":"2020-11-02"}