{"GUID":"6d78e0fe-1380-446f-9404-c485bb1e5002", "Gender":"male", "Title":"Mr.", "GivenName":"Justin", "MiddleInitial":"J", "Surname":"McNeal", "StreetAddress":"2697 Creekside Lane", "City":"Lompoc", "State":"CA", "ZipCode":"93436", "Country":"US", "EmailAddress":"JustinJMcNeal@superrito.com", "TelephoneNumber":"805-736-6608", "TelephoneCountryCode":"1", "Birthday":"2/1/97", "NationalID":"558-48-5890", "BaseSalary":"73861", "Bonus":"7386", "Department":"R&D", "Status":"Active - Regular Exempt (Full-time)", "ManagerGUID":"695fdc37-42f1-4c19-9ba1-c4fe87454041", "point":{"lat":34.563136, "long":-120.438919}, "HiredDate":"2015-11-05"}