{"GUID":"6e7128d2-192d-47d5-9157-f8dbc3c9f0b5", "Gender":"female", "Title":"Ms.", "GivenName":"Myra", "MiddleInitial":"O", "Surname":"Krueger", "StreetAddress":"2077 Cedarstone Drive", "City":"Toledo", "State":"OH", "ZipCode":"43613", "Country":"US", "EmailAddress":"MyraOKrueger@einrot.com", "TelephoneNumber":"419-471-7381", "TelephoneCountryCode":"1", "Birthday":"3/15/45", "NationalID":"291-32-3432", "BaseSalary":"74191", "Bonus":"7419", "Department":"Sales", "Status":"Active - Regular Exempt (Full-time)", "ManagerGUID":"07bb968f-e95e-4c40-8889-d88ba6b369d0", "point":{"lat":41.608318, "long":-83.654488}, "HiredDate":"2021-01-13"}