{"GUID":"6e854e7e-5cc3-4572-bc38-46bb26238be1", "Gender":"female", "Title":"Mrs.", "GivenName":"Janice", "MiddleInitial":"J", "Surname":"Wilkerson", "StreetAddress":"1771 Brown Street", "City":"Oakland", "State":"CA", "ZipCode":"94612", "Country":"US", "EmailAddress":"JaniceJWilkerson@dayrep.com", "TelephoneNumber":"925-965-5913", "TelephoneCountryCode":"1", "Birthday":"6/20/38", "NationalID":"573-68-4407", "BaseSalary":"77707", "Bonus":"7771", "Department":"Marketing", "Status":"Active - Regular Exempt (Full-time)", "ManagerGUID":"d0862e5d-5be6-473b-a500-3e3a852b2bb8", "point":{"lat":37.877176, "long":-122.231135}, "HiredDate":"2022-10-20"}