{"GUID":"6f475628-20d1-4b71-9d52-94eaec2562c1", "Gender":"female", "Title":"Mrs.", "GivenName":"Betsy", "MiddleInitial":"A", "Surname":"Covington", "StreetAddress":"2689 Heritage Road", "City":"Fresno", "State":"CA", "ZipCode":"93721", "Country":"US", "EmailAddress":"BetsyACovington@einrot.com", "TelephoneNumber":"559-778-1386", "TelephoneCountryCode":"1", "Birthday":"10/11/59", "NationalID":"561-33-8463", "BaseSalary":"64890", "Bonus":"6489", "Department":"R&D", "Status":"Active - Regular Exempt (Full-time)", "ManagerGUID":"695fdc37-42f1-4c19-9ba1-c4fe87454041", "point":{"lat":36.755555, "long":-119.800731}, "HiredDate":"2016-06-27"}