{"GUID":"70b3aca7-064d-4f9e-a705-bf660f18c56b", "Gender":"male", "Title":"Mr.", "GivenName":"Timothy", "MiddleInitial":"L", "Surname":"Winters", "StreetAddress":"4562 Breezewood Court", "City":"Piqua", "State":"KS", "ZipCode":"66761", "Country":"US", "EmailAddress":"TimothyLWinters@jourrapide.com", "TelephoneNumber":"620-468-8210", "TelephoneCountryCode":"1", "Birthday":"9/14/70", "NationalID":"509-52-0072", "BaseSalary":"76541", "Bonus":"7654", "Department":"R&D", "Status":"Active - Regular Exempt (Full-time)", "ManagerGUID":"695fdc37-42f1-4c19-9ba1-c4fe87454041", "point":{"lat":37.850675, "long":-95.530371}, "HiredDate":"2015-06-24"}