{"GUID":"713e3d28-b7a5-4a3b-9476-13c2109cc7d1", "Gender":"female", "Title":"Ms.", "GivenName":"Arlene", "MiddleInitial":"R", "Surname":"Heard", "StreetAddress":"2842 Sarah Drive", "City":"Lafayette", "State":"LA", "ZipCode":"70506", "Country":"US", "EmailAddress":"ArleneRHeard@superrito.com", "TelephoneNumber":"337-523-7831", "TelephoneCountryCode":"1", "Birthday":"4/1/69", "NationalID":"438-57-7890", "BaseSalary":"77109", "Bonus":"7711", "Department":"R&D", "Status":"Active - Regular Exempt (Full-time)", "ManagerGUID":"695fdc37-42f1-4c19-9ba1-c4fe87454041", "point":{"lat":30.206211, "long":-92.124779}, "HiredDate":"2014-10-12"}