{"GUID":"718274d6-1622-4358-8010-44e9f43f3f1f", "Gender":"male", "Title":"Mr.", "GivenName":"Arthur", "MiddleInitial":"E", "Surname":"Greene", "StreetAddress":"3815 Henery Street", "City":"Wichita", "State":"KS", "ZipCode":"67202", "Country":"US", "EmailAddress":"ArthurEGreene@gustr.com", "TelephoneNumber":"316-854-7371", "TelephoneCountryCode":"1", "Birthday":"9/23/93", "NationalID":"515-14-5388", "BaseSalary":"48492", "Bonus":"4849", "Department":"R&D", "Status":"Active - Regular Exempt (Full-time)", "ManagerGUID":"695fdc37-42f1-4c19-9ba1-c4fe87454041", "point":{"lat":37.710647, "long":-97.423184}, "HiredDate":"2017-04-18"}