{"GUID":"71ea8757-e12e-45a9-bd42-a576b431812e", "Gender":"female", "Title":"Mrs.", "GivenName":"Donna", "MiddleInitial":"J", "Surname":"Acevedo", "StreetAddress":"1002 Cooks Mine Road", "City":"Roswell", "State":"NM", "ZipCode":"88201", "Country":"US", "EmailAddress":"DonnaJAcevedo@fleckens.hu", "TelephoneNumber":"505-704-0237", "TelephoneCountryCode":"1", "Birthday":"11/6/57", "NationalID":"525-94-7574", "BaseSalary":"36954", "Bonus":"3695", "Department":"Marketing", "Status":"Active - Regular Exempt (Full-time)", "ManagerGUID":"d0862e5d-5be6-473b-a500-3e3a852b2bb8", "point":{"lat":33.612235, "long":-104.344787}, "HiredDate":"2012-08-19"}