{"GUID":"720dc6b1-f1bb-49f6-906b-60391c3c3124", "Gender":"female", "Title":"Mrs.", "GivenName":"Rosalie", "MiddleInitial":"J", "Surname":"Armstrong", "StreetAddress":"2670 Wildrose Lane", "City":"Dearborn", "State":"MI", "ZipCode":"48126", "Country":"US", "EmailAddress":"RosalieJArmstrong@einrot.com", "TelephoneNumber":"313-846-1375", "TelephoneCountryCode":"1", "Birthday":"10/8/49", "NationalID":"379-05-7324", "BaseSalary":"24976", "Bonus":"2498", "Department":"Sales", "Status":"Active - Regular Exempt (Full-time)", "ManagerGUID":"07bb968f-e95e-4c40-8889-d88ba6b369d0", "point":{"lat":42.249154, "long":-83.093721}, "HiredDate":"2015-12-23"}