{"GUID":"72100100-e2f0-48d7-b0bf-baf87ad155d8", "Gender":"female", "Title":"Mrs.", "GivenName":"Yolanda", "MiddleInitial":"J", "Surname":"Demaria", "StreetAddress":"808 Simpson Square", "City":"Guymon", "State":"OK", "ZipCode":"73942", "Country":"US", "EmailAddress":"YolandaJDemaria@dayrep.com", "TelephoneNumber":"580-651-0305", "TelephoneCountryCode":"1", "Birthday":"5/23/81", "NationalID":"443-56-9886", "BaseSalary":"65034", "Bonus":"6503", "Department":"Engineering", "Status":"Active - Regular Exempt (Full-time)", "ManagerGUID":"3ad0ffbc-3ade-4897-902b-718417a721f5", "point":{"lat":36.786536, "long":-101.575182}, "HiredDate":"2015-07-11"}