{"GUID":"7280fdf6-3c65-4f6a-aac2-dfafc79cf9e2", "Gender":"female", "Title":"Mrs.", "GivenName":"Pauline", "MiddleInitial":"E", "Surname":"Harmon", "StreetAddress":"3344 Clarksburg Park Road", "City":"Sedona", "State":"AZ", "ZipCode":"86341", "Country":"US", "EmailAddress":"PaulineEHarmon@jourrapide.com", "TelephoneNumber":"928-284-0819", "TelephoneCountryCode":"1", "Birthday":"4/26/43", "NationalID":"765-20-9658", "BaseSalary":"44576", "Bonus":"4458", "Department":"R&D", "Status":"Active - Regular Exempt (Full-time)", "ManagerGUID":"695fdc37-42f1-4c19-9ba1-c4fe87454041", "point":{"lat":34.916746, "long":-111.952295}, "HiredDate":"2015-06-20"}