{"GUID":"72a2186b-93e9-4412-a00a-5b59263833cb", "Gender":"male", "Title":"Mr.", "GivenName":"Everett", "MiddleInitial":"B", "Surname":"Elders", "StreetAddress":"2154 Carriage Lane", "City":"Pottsville", "State":"PA", "ZipCode":"17901", "Country":"US", "EmailAddress":"EverettBElders@jourrapide.com", "TelephoneNumber":"570-216-9353", "TelephoneCountryCode":"1", "Birthday":"4/7/50", "NationalID":"174-28-2014", "BaseSalary":"50892", "Bonus":"5089", "Department":"Engineering", "Status":"Active - Regular Exempt (Full-time)", "ManagerGUID":"3ad0ffbc-3ade-4897-902b-718417a721f5", "point":{"lat":40.763229, "long":-76.218983}, "HiredDate":"2021-11-12"}