{"GUID":"72b1a883-a6c7-4470-bd57-0a934cf91803", "Gender":"male", "Title":"Mr.", "GivenName":"David", "MiddleInitial":"G", "Surname":"Joslyn", "StreetAddress":"3369 Geraldine Lane", "City":"New York", "State":"NY", "ZipCode":"10013", "Country":"US", "EmailAddress":"DavidGJoslyn@rhyta.com", "TelephoneNumber":"646-270-0831", "TelephoneCountryCode":"1", "Birthday":"2/13/73", "NationalID":"066-78-9554", "BaseSalary":"40738", "Bonus":"4074", "Department":"Engineering", "Status":"Active - Regular Exempt (Full-time)", "ManagerGUID":"3ad0ffbc-3ade-4897-902b-718417a721f5", "point":{"lat":40.706807, "long":-74.010658}, "HiredDate":"2017-09-20"}