{"GUID":"732de214-890e-47fb-bc68-9f79fd55a0b9", "Gender":"female", "Title":"Ms.", "GivenName":"Novella", "MiddleInitial":"E", "Surname":"Hopkins", "StreetAddress":"1708 East Avenue", "City":"Phoenix", "State":"AZ", "ZipCode":"85040", "Country":"US", "EmailAddress":"NovellaEHopkins@armyspy.com", "TelephoneNumber":"480-252-7786", "TelephoneCountryCode":"1", "Birthday":"3/14/61", "NationalID":"527-95-6334", "BaseSalary":"44481", "Bonus":"4448", "Department":"R&D", "Status":"Active - Regular Exempt (Full-time)", "ManagerGUID":"695fdc37-42f1-4c19-9ba1-c4fe87454041", "point":{"lat":33.495227, "long":-112.038284}, "HiredDate":"2022-06-20"}