{"GUID":"739f9a4e-0bf5-40c5-9e2b-562a7c618ae5", "Gender":"male", "Title":"Mr.", "GivenName":"Michael", "MiddleInitial":"C", "Surname":"Diaz", "StreetAddress":"4881 East Avenue", "City":"Phoenix", "State":"AZ", "ZipCode":"85040", "Country":"US", "EmailAddress":"MichaelCDiaz@teleworm.us", "TelephoneNumber":"480-287-4988", "TelephoneCountryCode":"1", "Birthday":"1/17/44", "NationalID":"765-40-6030", "BaseSalary":"51405", "Bonus":"5141", "Department":"Engineering", "Status":"Active - Regular Exempt (Full-time)", "ManagerGUID":"3ad0ffbc-3ade-4897-902b-718417a721f5", "point":{"lat":33.310707, "long":-111.958059}, "HiredDate":"2012-12-27"}