{"GUID":"746d828e-06ea-431e-ba1f-0d771456575d", "Gender":"male", "Title":"Mr.", "GivenName":"David", "MiddleInitial":"C", "Surname":"Bickel", "StreetAddress":"750 Java Lane", "City":"Chester", "State":"SC", "ZipCode":"29706", "Country":"US", "EmailAddress":"DavidCBickel@jourrapide.com", "TelephoneNumber":"803-581-2607", "TelephoneCountryCode":"1", "Birthday":"4/23/83", "NationalID":"655-12-6027", "BaseSalary":"40120", "Bonus":"4012", "Department":"Engineering", "Status":"Active - Regular Exempt (Full-time)", "ManagerGUID":"3ad0ffbc-3ade-4897-902b-718417a721f5", "point":{"lat":34.600867, "long":-81.264142}, "HiredDate":"2021-08-21"}