{"GUID":"753a3da7-1d44-4b61-a0e3-73eca42bd5e4", "Gender":"female", "Title":"Ms.", "GivenName":"Alice", "MiddleInitial":"J", "Surname":"Morris", "StreetAddress":"4105 Eagle Street", "City":"Hazelwood", "State":"IL", "ZipCode":"63042", "Country":"US", "EmailAddress":"AliceJMorris@fleckens.hu", "TelephoneNumber":"618-340-7313", "TelephoneCountryCode":"1", "Birthday":"8/28/80", "NationalID":"355-36-5404", "BaseSalary":"64461", "Bonus":"6446", "Department":"R&D", "Status":"Active - Regular Exempt (Full-time)", "ManagerGUID":"695fdc37-42f1-4c19-9ba1-c4fe87454041", "point":{"lat":38.81957, "long":-90.45886}, "HiredDate":"2016-09-09"}