{"GUID":"76610f1c-5b6e-40bb-ac68-c88d25fa73a3", "Gender":"male", "Title":"Mr.", "GivenName":"Michael", "MiddleInitial":"M", "Surname":"Winton", "StreetAddress":"1445 Saint Clair Street", "City":"Greenville", "State":"MS", "ZipCode":"38701", "Country":"US", "EmailAddress":"MichaelMWinton@fleckens.hu", "TelephoneNumber":"662-537-5935", "TelephoneCountryCode":"1", "Birthday":"8/4/39", "NationalID":"587-46-4386", "BaseSalary":"42076", "Bonus":"4208", "Department":"R&D", "Status":"Active - Regular Exempt (Full-time)", "ManagerGUID":"695fdc37-42f1-4c19-9ba1-c4fe87454041", "point":{"lat":33.256915, "long":-90.893908}, "HiredDate":"2020-11-12"}