{"GUID":"783b5c24-4a8f-4ec8-8073-f1d8fb47b198", "Gender":"male", "Title":"Mr.", "GivenName":"Eric", "MiddleInitial":"Y", "Surname":"Molina", "StreetAddress":"3276 Hart Country Lane", "City":"Columbus", "State":"GA", "ZipCode":"31901", "Country":"US", "EmailAddress":"EricYMolina@gustr.com", "TelephoneNumber":"706-586-9095", "TelephoneCountryCode":"1", "Birthday":"7/28/56", "NationalID":"260-25-2098", "BaseSalary":"88022", "Bonus":"8802", "Department":"Sales", "Status":"Active - Regular Exempt (Full-time)", "ManagerGUID":"07bb968f-e95e-4c40-8889-d88ba6b369d0", "point":{"lat":32.372887, "long":-84.937229}, "HiredDate":"2019-12-11"}