{"GUID":"79d4c68c-4b5e-43ec-96bc-a8298c488a91", "Gender":"female", "Title":"Ms.", "GivenName":"Jennifer", "MiddleInitial":"H", "Surname":"Taylor", "StreetAddress":"2354 Ray Court", "City":"Wilmington", "State":"NC", "ZipCode":"28405", "Country":"US", "EmailAddress":"JenniferHTaylor@jourrapide.com", "TelephoneNumber":"910-274-5073", "TelephoneCountryCode":"1", "Birthday":"6/25/84", "NationalID":"245-86-1575", "BaseSalary":"56346", "Bonus":"5635", "Department":"Engineering", "Status":"Active - Regular Exempt (Full-time)", "ManagerGUID":"3ad0ffbc-3ade-4897-902b-718417a721f5", "point":{"lat":34.198688, "long":-77.849037}, "HiredDate":"2021-12-26"}