{"GUID":"7aad8a90-00bd-4f98-b8ac-0c927a793568", "Gender":"female", "Title":"Mrs.", "GivenName":"Dawn", "MiddleInitial":"D", "Surname":"Davis", "StreetAddress":"4775 Frum Street", "City":"Nashville", "State":"TN", "ZipCode":"37209", "Country":"US", "EmailAddress":"DawnDDavis@superrito.com", "TelephoneNumber":"615-347-5687", "TelephoneCountryCode":"1", "Birthday":"7/18/85", "NationalID":"756-01-7521", "BaseSalary":"99971", "Bonus":"9997", "Department":"Training", "Status":"Active - Regular Exempt (Full-time)", "ManagerGUID":"0004880b-4826-4706-89e8-ba17f415a669", "point":{"lat":36.189974, "long":-86.764583}, "HiredDate":"2016-04-20"}