{"GUID":"7ac24b37-c5fa-489e-8b78-b188d11c49c1", "Gender":"male", "Title":"Mr.", "GivenName":"Shawn", "MiddleInitial":"W", "Surname":"Irwin", "StreetAddress":"2646 Jody Road", "City":"Ardmore", "State":"PA", "ZipCode":"19003", "Country":"US", "EmailAddress":"ShawnWIrwin@dayrep.com", "TelephoneNumber":"610-642-8442", "TelephoneCountryCode":"1", "Birthday":"3/28/93", "NationalID":"169-09-4593", "BaseSalary":"59872", "Bonus":"5987", "Department":"R&D", "Status":"Active - Regular Exempt (Full-time)", "ManagerGUID":"695fdc37-42f1-4c19-9ba1-c4fe87454041", "point":{"lat":39.981023, "long":-75.38319}, "HiredDate":"2013-04-28"}