{"GUID":"7b7838e8-16fb-4eed-bdb3-a06d4bfa4935", "Gender":"male", "Title":"Mr.", "GivenName":"Charles", "MiddleInitial":"J", "Surname":"Smith", "StreetAddress":"2951 Emma Street", "City":"Amarillo", "State":"TX", "ZipCode":"79109", "Country":"US", "EmailAddress":"CharlesJSmith@superrito.com", "TelephoneNumber":"806-881-4986", "TelephoneCountryCode":"1", "Birthday":"3/25/85", "NationalID":"631-68-0718", "BaseSalary":"66128", "Bonus":"6613", "Department":"Sales", "Status":"Active - Regular Exempt (Full-time)", "ManagerGUID":"07bb968f-e95e-4c40-8889-d88ba6b369d0", "point":{"lat":35.197785, "long":-101.890031}, "HiredDate":"2022-07-15"}