{"GUID":"7bb927de-690a-41bd-91a7-b3f7c240245c", "Gender":"male", "Title":"Mr.", "GivenName":"Alan", "MiddleInitial":"S", "Surname":"Williams", "StreetAddress":"4327 Maple Avenue", "City":"Kamiah", "State":"ID", "ZipCode":"83536", "Country":"US", "EmailAddress":"AlanSWilliams@teleworm.us", "TelephoneNumber":"208-935-1401", "TelephoneCountryCode":"1", "Birthday":"6/1/78", "NationalID":"518-22-1139", "BaseSalary":"59532", "Bonus":"5953", "Department":"Marketing", "Status":"Active - Regular Exempt (Full-time)", "ManagerGUID":"d0862e5d-5be6-473b-a500-3e3a852b2bb8", "point":{"lat":46.290249, "long":-115.996599}, "HiredDate":"2018-10-20"}