{"GUID":"7bec2c14-e861-4a96-8712-178514024e78", "Gender":"male", "Title":"Mr.", "GivenName":"Leroy", "MiddleInitial":"M", "Surname":"Robinson", "StreetAddress":"624 Sweetwood Drive", "City":"Denver", "State":"CO", "ZipCode":"80202", "Country":"US", "EmailAddress":"LeroyMRobinson@cuvox.de", "TelephoneNumber":"303-408-3887", "TelephoneCountryCode":"1", "Birthday":"10/31/92", "NationalID":"652-16-7640", "BaseSalary":"43300", "Bonus":"4330", "Department":"R&D", "Status":"Active - Regular Exempt (Full-time)", "ManagerGUID":"695fdc37-42f1-4c19-9ba1-c4fe87454041", "point":{"lat":39.847576, "long":-105.047033}, "HiredDate":"2012-04-18"}