{"GUID":"7c05e98e-0f4a-45d5-ac76-e9908e25d5e8", "Gender":"female", "Title":"Mrs.", "GivenName":"Rachael", "MiddleInitial":"C", "Surname":"Chalker", "StreetAddress":"4357 Oakway Lane", "City":"Glendale", "State":"CA", "ZipCode":"91204", "Country":"US", "EmailAddress":"RachaelCChalker@jourrapide.com", "TelephoneNumber":"818-291-3843", "TelephoneCountryCode":"1", "Birthday":"4/2/75", "NationalID":"603-56-2981", "BaseSalary":"20312", "Bonus":"2031", "Department":"Marketing", "Status":"Active - Regular Exempt (Full-time)", "ManagerGUID":"d0862e5d-5be6-473b-a500-3e3a852b2bb8", "point":{"lat":34.133012, "long":-118.354913}, "HiredDate":"2012-07-22"}