{"GUID":"7c41815c-815f-49c0-9610-68d10dcd8f41", "Gender":"female", "Title":"Ms.", "GivenName":"Rosemary", "MiddleInitial":"C", "Surname":"Black", "StreetAddress":"4081 James Street", "City":"Rochester", "State":"NY", "ZipCode":"14608", "Country":"US", "EmailAddress":"RosemaryCBlack@teleworm.us", "TelephoneNumber":"585-509-2077", "TelephoneCountryCode":"1", "Birthday":"3/5/88", "NationalID":"073-30-1925", "BaseSalary":"83678", "Bonus":"8368", "Department":"Sales", "Status":"Active - Regular Exempt (Full-time)", "ManagerGUID":"07bb968f-e95e-4c40-8889-d88ba6b369d0", "point":{"lat":43.180461, "long":-77.575418}, "HiredDate":"2022-02-09"}