{"GUID":"7cb47431-850b-4493-848f-2e9c53f8bdc8", "Gender":"female", "Title":"Ms.", "GivenName":"Christine", "MiddleInitial":"K", "Surname":"Yeager", "StreetAddress":"3808 Ventura Drive", "City":"Salinas", "State":"CA", "ZipCode":"93901", "Country":"US", "EmailAddress":"ChristineKYeager@armyspy.com", "TelephoneNumber":"831-306-4640", "TelephoneCountryCode":"1", "Birthday":"11/5/32", "NationalID":"549-15-0463", "BaseSalary":"21132", "Bonus":"2113", "Department":"Marketing", "Status":"Active - Regular Exempt (Full-time)", "ManagerGUID":"d0862e5d-5be6-473b-a500-3e3a852b2bb8", "point":{"lat":36.608395, "long":-121.616783}, "HiredDate":"2017-12-31"}