{"GUID":"7e3a21f0-06bc-4e81-804e-c8b53331831a", "Gender":"male", "Title":"Mr.", "GivenName":"Edward", "MiddleInitial":"O", "Surname":"Griffin", "StreetAddress":"765 Wescam Court", "City":"Lexington", "State":"MA", "ZipCode":"2421", "Country":"US", "EmailAddress":"EdwardOGriffin@fleckens.hu", "TelephoneNumber":"781-226-4596", "TelephoneCountryCode":"1", "Birthday":"10/18/80", "NationalID":"031-18-8357", "BaseSalary":"49855", "Bonus":"4986", "Department":"Sales", "Status":"Active - Regular Exempt (Full-time)", "ManagerGUID":"07bb968f-e95e-4c40-8889-d88ba6b369d0", "point":{"lat":42.474146, "long":-71.295641}, "HiredDate":"2021-01-22"}