{"GUID":"7ea119f4-adda-4905-abec-57dde30fb496", "Gender":"female", "Title":"Mrs.", "GivenName":"Joyce", "MiddleInitial":"C", "Surname":"Weil", "StreetAddress":"2653 Cantebury Drive", "City":"New York", "State":"NY", "ZipCode":"10017", "Country":"US", "EmailAddress":"JoyceCWeil@armyspy.com", "TelephoneNumber":"646-682-8747", "TelephoneCountryCode":"1", "Birthday":"1/28/88", "NationalID":"126-62-5961", "BaseSalary":"72830", "Bonus":"7283", "Department":"Engineering", "Status":"Active - Regular Exempt (Full-time)", "ManagerGUID":"3ad0ffbc-3ade-4897-902b-718417a721f5", "point":{"lat":40.713999, "long":-74.046137}, "HiredDate":"2019-12-28"}