{"GUID":"7f9cd5bf-006a-4cdd-91de-e8f419c280ed", "Gender":"male", "Title":"Mr.", "GivenName":"James", "MiddleInitial":"S", "Surname":"Foley", "StreetAddress":"18 Coventry Court", "City":"Baton Rouge", "State":"LA", "ZipCode":"70806", "Country":"US", "EmailAddress":"JamesSFoley@dayrep.com", "TelephoneNumber":"225-987-7704", "TelephoneCountryCode":"1", "Birthday":"4/20/45", "NationalID":"659-03-0662", "BaseSalary":"69210", "Bonus":"6921", "Department":"Engineering", "Status":"Active - Regular Exempt (Full-time)", "ManagerGUID":"3ad0ffbc-3ade-4897-902b-718417a721f5", "point":{"lat":30.471171, "long":-91.208748}, "HiredDate":"2020-01-29"}