{"GUID":"7feae1c4-cdef-4f35-bfd5-83e3a7657537", "Gender":"male", "Title":"Mr.", "GivenName":"William", "MiddleInitial":"J", "Surname":"Morrison", "StreetAddress":"562 Fleming Way", "City":"Richmond", "State":"VA", "ZipCode":"23222", "Country":"US", "EmailAddress":"WilliamJMorrison@dayrep.com", "TelephoneNumber":"804-815-1162", "TelephoneCountryCode":"1", "Birthday":"5/2/93", "NationalID":"226-04-4878", "BaseSalary":"77759", "Bonus":"7776", "Department":"Sales", "Status":"Active - Regular Exempt (Full-time)", "ManagerGUID":"07bb968f-e95e-4c40-8889-d88ba6b369d0", "point":{"lat":37.495453, "long":-77.47693}, "HiredDate":"2014-05-02"}