{"GUID":"8068d7b4-089c-4941-b84a-952e6a924675", "Gender":"male", "Title":"Mr.", "GivenName":"Harry", "MiddleInitial":"T", "Surname":"Frye", "StreetAddress":"927 Elliot Avenue", "City":"Seattle", "State":"WA", "ZipCode":"98101", "Country":"US", "EmailAddress":"HarryTFrye@jourrapide.com", "TelephoneNumber":"206-521-8773", "TelephoneCountryCode":"1", "Birthday":"12/3/47", "NationalID":"534-21-0965", "BaseSalary":"70538", "Bonus":"7054", "Department":"Marketing", "Status":"Active - Regular Exempt (Full-time)", "ManagerGUID":"d0862e5d-5be6-473b-a500-3e3a852b2bb8", "point":{"lat":47.525079, "long":-122.276426}, "HiredDate":"2019-01-04"}