{"GUID":"809f9ebc-4e46-45ab-a328-36afa439628b", "Gender":"female", "Title":"Mrs.", "GivenName":"Marilyn", "MiddleInitial":"R", "Surname":"Draves", "StreetAddress":"1796 Davis Avenue", "City":"Fremont", "State":"CA", "ZipCode":"94539", "Country":"US", "EmailAddress":"MarilynRDraves@dayrep.com", "TelephoneNumber":"707-691-9035", "TelephoneCountryCode":"1", "Birthday":"10/6/57", "NationalID":"614-90-5438", "BaseSalary":"96643", "Bonus":"9664", "Department":"Marketing", "Status":"Active - Regular Exempt (Full-time)", "ManagerGUID":"d0862e5d-5be6-473b-a500-3e3a852b2bb8", "point":{"lat":37.530237, "long":-121.902986}, "HiredDate":"2017-08-23"}