{"GUID":"809f39c1-6060-47ea-b6d4-8c1b74063a34", "Gender":"male", "Title":"Mr.", "GivenName":"Norbert", "MiddleInitial":"D", "Surname":"Cunningham", "StreetAddress":"2232 Gandy Street", "City":"Utica", "State":"NY", "ZipCode":"13502", "Country":"US", "EmailAddress":"NorbertDCunningham@cuvox.de", "TelephoneNumber":"315-266-9255", "TelephoneCountryCode":"1", "Birthday":"7/21/57", "NationalID":"085-10-2195", "BaseSalary":"40311", "Bonus":"4031", "Department":"Engineering", "Status":"Active - Regular Exempt (Full-time)", "ManagerGUID":"3ad0ffbc-3ade-4897-902b-718417a721f5", "point":{"lat":43.175797, "long":-75.093193}, "HiredDate":"2014-11-10"}