{"GUID":"80cea586-6698-44a3-a14e-d87ae2874ee4", "Gender":"male", "Title":"Mr.", "GivenName":"John", "MiddleInitial":"B", "Surname":"Eisenhauer", "StreetAddress":"1899 Crestview Terrace", "City":"San Antonio", "State":"TX", "ZipCode":"78205", "Country":"US", "EmailAddress":"JohnBEisenhauer@gustr.com", "TelephoneNumber":"830-717-9644", "TelephoneCountryCode":"1", "Birthday":"5/3/79", "NationalID":"631-46-6763", "BaseSalary":"67121", "Bonus":"6712", "Department":"R&D", "Status":"Active - Regular Exempt (Full-time)", "ManagerGUID":"695fdc37-42f1-4c19-9ba1-c4fe87454041", "point":{"lat":29.457461, "long":-98.395961}, "HiredDate":"2015-12-03"}