{"GUID":"816d940e-a568-445e-8d4c-f1e824c5dc24", "Gender":"male", "Title":"Mr.", "GivenName":"Gordon", "MiddleInitial":"A", "Surname":"Cates", "StreetAddress":"1266 Reeves Street", "City":"Stevens Point", "State":"WI", "ZipCode":"54481", "Country":"US", "EmailAddress":"GordonACates@cuvox.de", "TelephoneNumber":"920-818-2846", "TelephoneCountryCode":"1", "Birthday":"9/19/91", "NationalID":"394-01-7601", "BaseSalary":"75844", "Bonus":"7584", "Department":"Marketing", "Status":"Active - Regular Exempt (Full-time)", "ManagerGUID":"d0862e5d-5be6-473b-a500-3e3a852b2bb8", "point":{"lat":44.568137, "long":-89.536856}, "HiredDate":"2021-06-21"}