{"GUID":"81d84bb5-87aa-4b64-8c0d-153cd91b744e", "Gender":"female", "Title":"Dr.", "GivenName":"Tonya", "MiddleInitial":"J", "Surname":"Hawkins", "StreetAddress":"2916 Emeral Dreams Drive", "City":"Thomson", "State":"IL", "ZipCode":"61285", "Country":"US", "EmailAddress":"TonyaJHawkins@einrot.com", "TelephoneNumber":"815-259-6668", "TelephoneCountryCode":"1", "Birthday":"7/3/63", "NationalID":"340-62-3821", "BaseSalary":"42003", "Bonus":"4200", "Department":"R&D", "Status":"Active - Regular Exempt (Full-time)", "ManagerGUID":"695fdc37-42f1-4c19-9ba1-c4fe87454041", "point":{"lat":42.034213, "long":-90.071614}, "HiredDate":"2015-06-22"}