{"GUID":"81e2a97e-16b7-4295-af75-755f6d75ea8a", "Gender":"female", "Title":"Ms.", "GivenName":"Annette", "MiddleInitial":"M", "Surname":"Back", "StreetAddress":"3298 Stanley Avenue", "City":"New York", "State":"NY", "ZipCode":"10013", "Country":"US", "EmailAddress":"AnnetteMBack@dayrep.com", "TelephoneNumber":"516-500-8677", "TelephoneCountryCode":"1", "Birthday":"2/23/92", "NationalID":"070-72-8214", "BaseSalary":"76052", "Bonus":"7605", "Department":"Sales", "Status":"Active - Regular Exempt (Full-time)", "ManagerGUID":"07bb968f-e95e-4c40-8889-d88ba6b369d0", "point":{"lat":40.633746, "long":-73.909875}, "HiredDate":"2012-07-22"}