{"GUID":"829a6b27-3c34-4a28-b49f-b2589b9f9b49", "Gender":"female", "Title":"Ms.", "GivenName":"Michele", "MiddleInitial":"L", "Surname":"Campbell", "StreetAddress":"4085 Simpson Street", "City":"Davenport", "State":"IL", "ZipCode":"52803", "Country":"US", "EmailAddress":"MicheleLCampbell@armyspy.com", "TelephoneNumber":"309-843-6140", "TelephoneCountryCode":"1", "Birthday":"3/15/95", "NationalID":"334-68-8482", "BaseSalary":"35160", "Bonus":"3516", "Department":"R&D", "Status":"Active - Regular Exempt (Full-time)", "ManagerGUID":"695fdc37-42f1-4c19-9ba1-c4fe87454041", "point":{"lat":41.599457, "long":-90.457558}, "HiredDate":"2018-02-15"}