{"GUID":"82f2a62f-ff1f-4657-bbef-3ae2a032851f", "Gender":"female", "Title":"Mrs.", "GivenName":"Bettye", "MiddleInitial":"J", "Surname":"Henley", "StreetAddress":"3838 Braxton Street", "City":"Sheridan", "State":"IL", "ZipCode":"60551", "Country":"US", "EmailAddress":"BettyeJHenley@teleworm.us", "TelephoneNumber":"815-496-5820", "TelephoneCountryCode":"1", "Birthday":"7/30/59", "NationalID":"325-42-8057", "BaseSalary":"33752", "Bonus":"3375", "Department":"Sales", "Status":"Active - Regular Exempt (Full-time)", "ManagerGUID":"07bb968f-e95e-4c40-8889-d88ba6b369d0", "point":{"lat":41.463, "long":-88.609023}, "HiredDate":"2022-08-12"}