{"GUID":"83bbc1a6-f2d4-44c1-8adb-8e47440bcabf", "Gender":"female", "Title":"Mrs.", "GivenName":"Thelma", "MiddleInitial":"R", "Surname":"Nickel", "StreetAddress":"4004 Spruce Drive", "City":"Philadelphia", "State":"PA", "ZipCode":"19107", "Country":"US", "EmailAddress":"ThelmaRNickel@armyspy.com", "TelephoneNumber":"724-959-5911", "TelephoneCountryCode":"1", "Birthday":"3/24/48", "NationalID":"191-38-7859", "BaseSalary":"53900", "Bonus":"5390", "Department":"Marketing", "Status":"Active - Regular Exempt (Full-time)", "ManagerGUID":"d0862e5d-5be6-473b-a500-3e3a852b2bb8", "point":{"lat":40.032998, "long":-75.104966}, "HiredDate":"2019-02-06"}