{"GUID":"857508b5-f90f-46d8-83f8-661aeb74254e", "Gender":"female", "Title":"Mrs.", "GivenName":"Wanda", "MiddleInitial":"J", "Surname":"Patton", "StreetAddress":"3522 Crummit Lane", "City":"Omaha", "State":"NE", "ZipCode":"68114", "Country":"US", "EmailAddress":"WandaJPatton@cuvox.de", "TelephoneNumber":"402-222-7530", "TelephoneCountryCode":"1", "Birthday":"8/7/60", "NationalID":"507-94-5634", "BaseSalary":"31850", "Bonus":"3185", "Department":"R&D", "Status":"Active - Regular Exempt (Full-time)", "ManagerGUID":"695fdc37-42f1-4c19-9ba1-c4fe87454041", "point":{"lat":41.265099, "long":-96.099361}, "HiredDate":"2016-01-29"}