{"GUID":"85970304-a674-40d0-87ce-955b5a48094a", "Gender":"female", "Title":"Ms.", "GivenName":"Sara", "MiddleInitial":"T", "Surname":"Contreras", "StreetAddress":"4131 Hott Street", "City":"Oklahoma City", "State":"OK", "ZipCode":"73102", "Country":"US", "EmailAddress":"SaraTContreras@einrot.com", "TelephoneNumber":"405-709-1785", "TelephoneCountryCode":"1", "Birthday":"1/24/82", "NationalID":"440-86-1979", "BaseSalary":"94490", "Bonus":"9449", "Department":"Engineering", "Status":"Active - Regular Exempt (Full-time)", "ManagerGUID":"3ad0ffbc-3ade-4897-902b-718417a721f5", "point":{"lat":35.379407, "long":-97.495777}, "HiredDate":"2012-05-11"}