{"GUID":"85ca16d6-daeb-4f70-937b-a465dac18156", "Gender":"female", "Title":"Ms.", "GivenName":"Jennifer", "MiddleInitial":"R", "Surname":"Carlson", "StreetAddress":"3363 Michigan Avenue", "City":"Greensburg", "State":"PA", "ZipCode":"15601", "Country":"US", "EmailAddress":"JenniferRCarlson@fleckens.hu", "TelephoneNumber":"724-600-2237", "TelephoneCountryCode":"1", "Birthday":"12/15/40", "NationalID":"187-72-2314", "BaseSalary":"77132", "Bonus":"7713", "Department":"R&D", "Status":"Active - Regular Exempt (Full-time)", "ManagerGUID":"695fdc37-42f1-4c19-9ba1-c4fe87454041", "point":{"lat":40.238208, "long":-79.632426}, "HiredDate":"2014-03-02"}