{"GUID":"86019fd6-f998-4ff2-844a-0baed4039778", "Gender":"male", "Title":"Mr.", "GivenName":"William", "MiddleInitial":"T", "Surname":"Glenn", "StreetAddress":"3477 North Bend River Road", "City":"Lexington", "State":"KY", "ZipCode":"40507", "Country":"US", "EmailAddress":"WilliamTGlenn@gustr.com", "TelephoneNumber":"606-826-1628", "TelephoneCountryCode":"1", "Birthday":"8/7/34", "NationalID":"401-76-5066", "BaseSalary":"53528", "Bonus":"5353", "Department":"Engineering", "Status":"Active - Regular Exempt (Full-time)", "ManagerGUID":"3ad0ffbc-3ade-4897-902b-718417a721f5", "point":{"lat":37.95695, "long":-84.479616}, "HiredDate":"2018-01-22"}