{"GUID":"873323e4-b7fa-4542-80d2-1509def938c3", "Gender":"male", "Title":"Mr.", "GivenName":"Billy", "MiddleInitial":"C", "Surname":"Chance", "StreetAddress":"870 Adams Avenue", "City":"Frederick", "State":"MD", "ZipCode":"21703", "Country":"US", "EmailAddress":"BillyCChance@fleckens.hu", "TelephoneNumber":"301-676-7112", "TelephoneCountryCode":"1", "Birthday":"12/4/95", "NationalID":"215-60-8191", "BaseSalary":"54476", "Bonus":"5448", "Department":"Marketing", "Status":"Active - Regular Exempt (Full-time)", "ManagerGUID":"d0862e5d-5be6-473b-a500-3e3a852b2bb8", "point":{"lat":39.338704, "long":-77.491196}, "HiredDate":"2017-11-18"}