{"GUID":"87e92c81-f014-44e3-821e-89e25302ec33", "Gender":"male", "Title":"Mr.", "GivenName":"Jack", "MiddleInitial":"V", "Surname":"Lee", "StreetAddress":"67 Smith Road", "City":"Cumming", "State":"GA", "ZipCode":"30130", "Country":"US", "EmailAddress":"JackVLee@jourrapide.com", "TelephoneNumber":"770-887-9223", "TelephoneCountryCode":"1", "Birthday":"9/22/90", "NationalID":"252-74-9314", "BaseSalary":"50814", "Bonus":"5081", "Department":"Sales", "Status":"Active - Regular Exempt (Full-time)", "ManagerGUID":"07bb968f-e95e-4c40-8889-d88ba6b369d0", "point":{"lat":34.106707, "long":-84.226637}, "HiredDate":"2022-11-07"}