{"GUID":"8809150a-48aa-4d81-a8ba-6ec178cd5c22", "Gender":"female", "Title":"Ms.", "GivenName":"Melani", "MiddleInitial":"N", "Surname":"Gunter", "StreetAddress":"3455 Leroy Lane", "City":"Mitchell", "State":"SD", "ZipCode":"57301", "Country":"US", "EmailAddress":"MelaniNGunter@teleworm.us", "TelephoneNumber":"605-933-5532", "TelephoneCountryCode":"1", "Birthday":"9/10/55", "NationalID":"504-37-9992", "BaseSalary":"46701", "Bonus":"4670", "Department":"Sales", "Status":"Active - Regular Exempt (Full-time)", "ManagerGUID":"07bb968f-e95e-4c40-8889-d88ba6b369d0", "point":{"lat":43.655344, "long":-98.031128}, "HiredDate":"2020-12-28"}