{"GUID":"889a4cfe-d20a-44b7-b4b3-4daf3c433832", "Gender":"female", "Title":"Mrs.", "GivenName":"Elaine", "MiddleInitial":"B", "Surname":"Thomas", "StreetAddress":"3595 O Conner Street", "City":"Gulfport", "State":"MS", "ZipCode":"39501", "Country":"US", "EmailAddress":"ElaineBThomas@cuvox.de", "TelephoneNumber":"228-822-6954", "TelephoneCountryCode":"1", "Birthday":"2/15/53", "NationalID":"425-32-1870", "BaseSalary":"53738", "Bonus":"5374", "Department":"R&D", "Status":"Active - Regular Exempt (Full-time)", "ManagerGUID":"695fdc37-42f1-4c19-9ba1-c4fe87454041", "point":{"lat":30.465234, "long":-89.035061}, "HiredDate":"2020-12-30"}