{"GUID":"89a11146-6487-4d34-b943-a80ef081282a", "Gender":"male", "Title":"Mr.", "GivenName":"Arthur", "MiddleInitial":"C", "Surname":"Young", "StreetAddress":"3460 Spinnaker Lane", "City":"Burr Ridge", "State":"IL", "ZipCode":"61257", "Country":"US", "EmailAddress":"ArthurCYoung@teleworm.us", "TelephoneNumber":"815-767-6200", "TelephoneCountryCode":"1", "Birthday":"7/14/81", "NationalID":"329-94-1087", "BaseSalary":"88679", "Bonus":"8868", "Department":"Engineering", "Status":"Active - Regular Exempt (Full-time)", "ManagerGUID":"3ad0ffbc-3ade-4897-902b-718417a721f5", "point":{"lat":41.687945, "long":-87.999898}, "HiredDate":"2013-09-10"}