{"GUID":"8a273cb4-47a9-48a2-b9be-194fb1996e8f", "Gender":"female", "Title":"Mrs.", "GivenName":"Tina", "MiddleInitial":"P", "Surname":"Houston", "StreetAddress":"3220 Browning Lane", "City":"Franklin (Deleware)", "State":"NY", "ZipCode":"13775", "Country":"US", "EmailAddress":"TinaPHouston@fleckens.hu", "TelephoneNumber":"607-829-9169", "TelephoneCountryCode":"1", "Birthday":"2/5/77", "NationalID":"059-64-9878", "BaseSalary":"33226", "Bonus":"3323", "Department":"R&D", "Status":"Active - Regular Exempt (Full-time)", "ManagerGUID":"695fdc37-42f1-4c19-9ba1-c4fe87454041", "point":{"lat":42.31844, "long":-75.248139}, "HiredDate":"2020-12-18"}