{"GUID":"8aea22de-2f98-4939-adf7-5730cef40576", "Gender":"female", "Title":"Ms.", "GivenName":"Ella", "MiddleInitial":"L", "Surname":"Patton", "StreetAddress":"4516 Gregory Lane", "City":"Shepherdsville", "State":"KY", "ZipCode":"40165", "Country":"US", "EmailAddress":"EllaLPatton@jourrapide.com", "TelephoneNumber":"502-543-7675", "TelephoneCountryCode":"1", "Birthday":"4/2/36", "NationalID":"402-50-6508", "BaseSalary":"45812", "Bonus":"4581", "Department":"R&D", "Status":"Active - Regular Exempt (Full-time)", "ManagerGUID":"695fdc37-42f1-4c19-9ba1-c4fe87454041", "point":{"lat":37.906196, "long":-85.688818}, "HiredDate":"2018-11-20"}