{"GUID":"8b17ab93-2878-4737-ae84-a13c88463f9c", "Gender":"male", "Title":"Mr.", "GivenName":"Charles", "MiddleInitial":"M", "Surname":"Lopez", "StreetAddress":"3684 Pin Oak Drive", "City":"Des Moines", "State":"IA", "ZipCode":"50309", "Country":"US", "EmailAddress":"CharlesMLopez@jourrapide.com", "TelephoneNumber":"563-232-0076", "TelephoneCountryCode":"1", "Birthday":"6/14/69", "NationalID":"483-27-4848", "BaseSalary":"44048", "Bonus":"4405", "Department":"R&D", "Status":"Active - Regular Exempt (Full-time)", "ManagerGUID":"695fdc37-42f1-4c19-9ba1-c4fe87454041", "point":{"lat":41.642286, "long":-93.720174}, "HiredDate":"2019-01-10"}