{"GUID":"8bf2d181-2d7b-4da2-aea0-337d862fdcd6", "Gender":"male", "Title":"Mr.", "GivenName":"Howard", "MiddleInitial":"M", "Surname":"Mabry", "StreetAddress":"4395 Catherine Drive", "City":"Fargo", "State":"ND", "ZipCode":"58102", "Country":"US", "EmailAddress":"HowardMMabry@gustr.com", "TelephoneNumber":"701-289-4538", "TelephoneCountryCode":"1", "Birthday":"6/14/80", "NationalID":"502-92-2526", "BaseSalary":"28446", "Bonus":"2845", "Department":"Marketing", "Status":"Active - Regular Exempt (Full-time)", "ManagerGUID":"d0862e5d-5be6-473b-a500-3e3a852b2bb8", "point":{"lat":46.978609, "long":-96.756151}, "HiredDate":"2021-12-26"}