{"GUID":"8bf386d7-51fe-4910-9639-ccbefae9112d", "Gender":"male", "Title":"Mr.", "GivenName":"David", "MiddleInitial":"B", "Surname":"Parrish", "StreetAddress":"3916 South Street", "City":"Charlottesville", "State":"VA", "ZipCode":"22903", "Country":"US", "EmailAddress":"DavidBParrish@jourrapide.com", "TelephoneNumber":"434-227-6096", "TelephoneCountryCode":"1", "Birthday":"4/23/64", "NationalID":"693-01-4982", "BaseSalary":"68306", "Bonus":"6831", "Department":"R&D", "Status":"Active - Regular Exempt (Full-time)", "ManagerGUID":"695fdc37-42f1-4c19-9ba1-c4fe87454041", "point":{"lat":37.980301, "long":-78.515875}, "HiredDate":"2019-11-11"}