{"GUID":"8c453c57-e4b8-4da2-afd9-e2e1b4fb922b", "Gender":"female", "Title":"Ms.", "GivenName":"Lori", "MiddleInitial":"H", "Surname":"Wright", "StreetAddress":"4678 Hilltop Drive", "City":"Amarillo", "State":"TX", "ZipCode":"79101", "Country":"US", "EmailAddress":"LoriHWright@fleckens.hu", "TelephoneNumber":"806-324-2050", "TelephoneCountryCode":"1", "Birthday":"2/12/71", "NationalID":"463-43-6597", "BaseSalary":"77289", "Bonus":"7729", "Department":"Marketing", "Status":"Active - Regular Exempt (Full-time)", "ManagerGUID":"d0862e5d-5be6-473b-a500-3e3a852b2bb8", "point":{"lat":35.292693, "long":-101.809169}, "HiredDate":"2014-02-24"}