{"GUID":"8c4b3407-9e54-47ef-9a19-1a7576b605fb", "Gender":"male", "Title":"Mr.", "GivenName":"Robert", "MiddleInitial":"L", "Surname":"Bell", "StreetAddress":"239 Adonais Way", "City":"Norcross", "State":"GA", "ZipCode":"30071", "Country":"US", "EmailAddress":"RobertLBell@cuvox.de", "TelephoneNumber":"678-464-2566", "TelephoneCountryCode":"1", "Birthday":"4/23/43", "NationalID":"668-01-7068", "BaseSalary":"63966", "Bonus":"6397", "Department":"R&D", "Status":"Active - Regular Exempt (Full-time)", "ManagerGUID":"695fdc37-42f1-4c19-9ba1-c4fe87454041", "point":{"lat":33.850936, "long":-84.168299}, "HiredDate":"2021-03-31"}