{"GUID":"8d3a5e6d-20fa-4f84-b18f-cc910b71d5d0", "Gender":"female", "Title":"Ms.", "GivenName":"Thelma", "MiddleInitial":"L", "Surname":"Barlow", "StreetAddress":"3522 Pleasant Hill Road", "City":"Los Angeles", "State":"CA", "ZipCode":"90017", "Country":"US", "EmailAddress":"ThelmaLBarlow@fleckens.hu", "TelephoneNumber":"562-239-6813", "TelephoneCountryCode":"1", "Birthday":"6/25/39", "NationalID":"560-60-7947", "BaseSalary":"81192", "Bonus":"8119", "Department":"R&D", "Status":"Active - Regular Exempt (Full-time)", "ManagerGUID":"695fdc37-42f1-4c19-9ba1-c4fe87454041", "point":{"lat":34.15025, "long":-118.210968}, "HiredDate":"2015-07-22"}