{"GUID":"8de256d2-b6ba-4b3f-9b2e-2e0f65fa9025", "Gender":"female", "Title":"Mrs.", "GivenName":"Anna", "MiddleInitial":"R", "Surname":"Desantis", "StreetAddress":"4449 Tree Top Lane", "City":"New Castle", "State":"PA", "ZipCode":"19720", "Country":"US", "EmailAddress":"AnnaRDesantis@einrot.com", "TelephoneNumber":"610-299-4438", "TelephoneCountryCode":"1", "Birthday":"9/19/89", "NationalID":"176-26-0030", "BaseSalary":"87452", "Bonus":"8745", "Department":"R&D", "Status":"Active - Regular Exempt (Full-time)", "ManagerGUID":"695fdc37-42f1-4c19-9ba1-c4fe87454041", "point":{"lat":39.68557, "long":-75.559577}, "HiredDate":"2021-08-12"}