{"GUID":"8e6b66e1-f5a7-41fa-81ff-74108672bc3c", "Gender":"female", "Title":"Mrs.", "GivenName":"Maureen", "MiddleInitial":"T", "Surname":"Reaper", "StreetAddress":"4461 Sycamore Fork Road", "City":"Miami", "State":"FL", "ZipCode":"33176", "Country":"US", "EmailAddress":"MaureenTReaper@jourrapide.com", "TelephoneNumber":"954-232-3090", "TelephoneCountryCode":"1", "Birthday":"3/17/96", "NationalID":"589-61-0335", "BaseSalary":"37330", "Bonus":"3733", "Department":"Sales", "Status":"Active - Regular Exempt (Full-time)", "ManagerGUID":"07bb968f-e95e-4c40-8889-d88ba6b369d0", "point":{"lat":25.612995, "long":-80.320605}, "HiredDate":"2020-10-28"}