{"GUID":"8e8a9fe6-06a0-48d0-81ef-b1a9b432ab81", "Gender":"male", "Title":"Mr.", "GivenName":"James", "MiddleInitial":"K", "Surname":"Nettles", "StreetAddress":"2751 Jarvisville Road", "City":"New York", "State":"NY", "ZipCode":"10011", "Country":"US", "EmailAddress":"JamesKNettles@einrot.com", "TelephoneNumber":"516-945-1292", "TelephoneCountryCode":"1", "Birthday":"3/12/79", "NationalID":"069-90-6699", "BaseSalary":"53622", "Bonus":"5362", "Department":"Sales", "Status":"Active - Regular Exempt (Full-time)", "ManagerGUID":"07bb968f-e95e-4c40-8889-d88ba6b369d0", "point":{"lat":40.764082, "long":-74.078974}, "HiredDate":"2016-05-07"}