{"GUID":"8ecb02e2-47dc-4209-a0d0-e1a6ae35b08c", "Gender":"male", "Title":"Mr.", "GivenName":"Mathew", "MiddleInitial":"M", "Surname":"Deluca", "StreetAddress":"2941 Pyramid Valley Road", "City":"Mount Sterling", "State":"IA", "ZipCode":"52573", "Country":"US", "EmailAddress":"MathewMDeluca@cuvox.de", "TelephoneNumber":"319-494-1738", "TelephoneCountryCode":"1", "Birthday":"9/29/85", "NationalID":"482-06-8839", "BaseSalary":"72355", "Bonus":"7236", "Department":"R&D", "Status":"Active - Regular Exempt (Full-time)", "ManagerGUID":"695fdc37-42f1-4c19-9ba1-c4fe87454041", "point":{"lat":40.554614, "long":-91.996958}, "HiredDate":"2019-05-01"}