{"GUID":"8f6b3db1-8b21-478f-b1c9-2d927d82fc40", "Gender":"male", "Title":"Mr.", "GivenName":"Lonnie", "MiddleInitial":"S", "Surname":"Fleming", "StreetAddress":"3649 Milford Street", "City":"Portsmouth", "State":"NH", "ZipCode":"3801", "Country":"US", "EmailAddress":"LonnieSFleming@fleckens.hu", "TelephoneNumber":"603-761-1908", "TelephoneCountryCode":"1", "Birthday":"8/7/52", "NationalID":"002-18-5135", "BaseSalary":"40088", "Bonus":"4009", "Department":"Engineering", "Status":"Active - Regular Exempt (Full-time)", "ManagerGUID":"3ad0ffbc-3ade-4897-902b-718417a721f5", "point":{"lat":43.119631, "long":-70.770978}, "HiredDate":"2014-01-20"}