{"GUID":"91190cc8-30a7-4fa9-b038-db3a22260ec0", "Gender":"female", "Title":"Ms.", "GivenName":"Suzanne", "MiddleInitial":"E", "Surname":"Tillis", "StreetAddress":"1223 Jewell Road", "City":"Minneapolis", "State":"MN", "ZipCode":"55404", "Country":"US", "EmailAddress":"SuzanneETillis@rhyta.com", "TelephoneNumber":"612-597-8090", "TelephoneCountryCode":"1", "Birthday":"4/30/84", "NationalID":"477-56-6954", "BaseSalary":"53540", "Bonus":"5354", "Department":"R&D", "Status":"Active - Regular Exempt (Full-time)", "ManagerGUID":"695fdc37-42f1-4c19-9ba1-c4fe87454041", "point":{"lat":44.949522, "long":-93.327043}, "HiredDate":"2012-11-25"}