{"GUID":"913fa24d-543f-43cf-9605-a22e4855c337", "Gender":"male", "Title":"Mr.", "GivenName":"Ernesto", "MiddleInitial":"G", "Surname":"Morrison", "StreetAddress":"2755 Gorby Lane", "City":"Jackson", "State":"MS", "ZipCode":"39201", "Country":"US", "EmailAddress":"ErnestoGMorrison@teleworm.us", "TelephoneNumber":"601-283-1776", "TelephoneCountryCode":"1", "Birthday":"4/28/42", "NationalID":"425-21-0096", "BaseSalary":"54502", "Bonus":"5450", "Department":"R&D", "Status":"Active - Regular Exempt (Full-time)", "ManagerGUID":"695fdc37-42f1-4c19-9ba1-c4fe87454041", "point":{"lat":32.320595, "long":-90.165087}, "HiredDate":"2012-01-16"}