{"GUID":"91ed05cb-a2ff-4bd5-9ea1-e8a5829bc665", "Gender":"female", "Title":"Mrs.", "GivenName":"Priscilla", "MiddleInitial":"J", "Surname":"Torres", "StreetAddress":"4121 Cedar Lane", "City":"Cambridge", "State":"MA", "ZipCode":"2142", "Country":"US", "EmailAddress":"PriscillaJTorres@teleworm.us", "TelephoneNumber":"617-639-9170", "TelephoneCountryCode":"1", "Birthday":"1/11/45", "NationalID":"027-18-9604", "BaseSalary":"14480", "Bonus":"1448", "Department":"Engineering", "Status":"Active - Regular Exempt (Full-time)", "ManagerGUID":"3ad0ffbc-3ade-4897-902b-718417a721f5", "point":{"lat":42.307607, "long":-71.037906}, "HiredDate":"2013-02-28"}