{"GUID":"92123a0e-faea-4634-bd73-275b8fa9a326", "Gender":"female", "Title":"Ms.", "GivenName":"Anita", "MiddleInitial":"J", "Surname":"Potter", "StreetAddress":"2261 Heavens Way", "City":"Rancho Santa Margarita", "State":"CA", "ZipCode":"92688", "Country":"US", "EmailAddress":"AnitaJPotter@armyspy.com", "TelephoneNumber":"949-215-9491", "TelephoneCountryCode":"1", "Birthday":"11/3/80", "NationalID":"607-53-4994", "BaseSalary":"76102", "Bonus":"7610", "Department":"Training", "Status":"Active - Regular Exempt (Full-time)", "ManagerGUID":"0004880b-4826-4706-89e8-ba17f415a669", "point":{"lat":33.70816, "long":-117.595287}, "HiredDate":"2022-03-20"}