{"GUID":"929ce76f-fdf5-46cc-945f-29cc4c46e93c", "Gender":"male", "Title":"Mr.", "GivenName":"Dennis", "MiddleInitial":"W", "Surname":"Dodge", "StreetAddress":"2353 Sugar Camp Road", "City":"Garretson", "State":"MN", "ZipCode":"57030", "Country":"US", "EmailAddress":"DennisWDodge@dayrep.com", "TelephoneNumber":"507-597-1449", "TelephoneCountryCode":"1", "Birthday":"5/7/61", "NationalID":"471-36-5597", "BaseSalary":"98637", "Bonus":"9864", "Department":"Marketing", "Status":"Active - Regular Exempt (Full-time)", "ManagerGUID":"d0862e5d-5be6-473b-a500-3e3a852b2bb8", "point":{"lat":43.80007, "long":-96.491107}, "HiredDate":"2016-01-13"}