{"GUID":"92ac8ae7-5a19-45b5-bffc-f9509ff33fbd", "Gender":"male", "Title":"Mr.", "GivenName":"Gary", "MiddleInitial":"L", "Surname":"Nishimura", "StreetAddress":"1004 Franklee Lane", "City":"Allentown", "State":"PA", "ZipCode":"18106", "Country":"US", "EmailAddress":"GaryLNishimura@teleworm.us", "TelephoneNumber":"484-546-2932", "TelephoneCountryCode":"1", "Birthday":"6/19/41", "NationalID":"160-14-7790", "BaseSalary":"40913", "Bonus":"4091", "Department":"Marketing", "Status":"Active - Regular Exempt (Full-time)", "ManagerGUID":"d0862e5d-5be6-473b-a500-3e3a852b2bb8", "point":{"lat":40.597305, "long":-75.595064}, "HiredDate":"2020-01-15"}