{"GUID":"9321c6b7-91b4-46d9-953e-9d032785f30f", "Gender":"male", "Title":"Mr.", "GivenName":"Ryan", "MiddleInitial":"W", "Surname":"McClanahan", "StreetAddress":"750 Virginia Street", "City":"Chicago", "State":"IL", "ZipCode":"60606", "Country":"US", "EmailAddress":"RyanWMcClanahan@gustr.com", "TelephoneNumber":"773-541-4031", "TelephoneCountryCode":"1", "Birthday":"9/16/91", "NationalID":"323-14-5271", "BaseSalary":"68802", "Bonus":"6880", "Department":"R&D", "Status":"Active - Regular Exempt (Full-time)", "ManagerGUID":"695fdc37-42f1-4c19-9ba1-c4fe87454041", "point":{"lat":41.939194, "long":-87.696656}, "HiredDate":"2018-01-29"}