{"GUID":"95c083f2-acfb-4907-af9a-896333ab540c", "Gender":"male", "Title":"Mr.", "GivenName":"Joe", "MiddleInitial":"L", "Surname":"Bell", "StreetAddress":"9 Badeau Circle", "City":"Indianapolis", "State":"IN", "ZipCode":"46216", "Country":"US", "EmailAddress":"JoeLBell@einrot.com", "TelephoneNumber":"317-627-6533", "TelephoneCountryCode":"1", "Birthday":"1/30/69", "NationalID":"466-97-8054", "BaseSalary":"72753", "Bonus":"7275", "Department":"Engineering", "Status":"Active - Regular Exempt (Full-time)", "ManagerGUID":"3ad0ffbc-3ade-4897-902b-718417a721f5", "point":{"lat":39.8647, "long":-86.0136}, "HiredDate":"2015-02-17"}