{"GUID":"96c80231-1f32-44b7-8c42-35ec66a75297", "Gender":"male", "Title":"Mr.", "GivenName":"Douglass", "MiddleInitial":"N", "Surname":"Warren", "StreetAddress":"3902 Washington Street", "City":"Corpus Christi", "State":"TX", "ZipCode":"78401", "Country":"US", "EmailAddress":"DouglassNWarren@cuvox.de", "TelephoneNumber":"361-411-7765", "TelephoneCountryCode":"1", "Birthday":"8/6/76", "NationalID":"631-94-5398", "BaseSalary":"73774", "Bonus":"7377", "Department":"R&D", "Status":"Active - Regular Exempt (Full-time)", "ManagerGUID":"695fdc37-42f1-4c19-9ba1-c4fe87454041", "point":{"lat":27.755943, "long":-97.343555}, "HiredDate":"2012-05-06"}