{"GUID":"96e91491-487b-48ec-b25d-26e5fe22cf3c", "Gender":"female", "Title":"Mrs.", "GivenName":"Billie", "MiddleInitial":"K", "Surname":"Gross", "StreetAddress":"1641 Stark Hollow Road", "City":"Mountain View", "State":"CO", "ZipCode":"82939", "Country":"US", "EmailAddress":"BillieKGross@jourrapide.com", "TelephoneNumber":"970-750-9596", "TelephoneCountryCode":"1", "Birthday":"6/29/55", "NationalID":"522-18-3816", "BaseSalary":"45632", "Bonus":"4563", "Department":"Marketing", "Status":"Active - Regular Exempt (Full-time)", "ManagerGUID":"d0862e5d-5be6-473b-a500-3e3a852b2bb8", "point":{"lat":41.130862, "long":-110.350978}, "HiredDate":"2014-03-14"}