{"GUID":"9788aa82-ce44-44e9-9768-e174346e8f06", "Gender":"male", "Title":"Mr.", "GivenName":"James", "MiddleInitial":"P", "Surname":"Daniels", "StreetAddress":"105 Cerullo Road", "City":"Louisville", "State":"KY", "ZipCode":"40203", "Country":"US", "EmailAddress":"JamesPDaniels@jourrapide.com", "TelephoneNumber":"502-379-1262", "TelephoneCountryCode":"1", "Birthday":"4/23/92", "NationalID":"404-49-5660", "BaseSalary":"80940", "Bonus":"8094", "Department":"Engineering", "Status":"Active - Regular Exempt (Full-time)", "ManagerGUID":"3ad0ffbc-3ade-4897-902b-718417a721f5", "point":{"lat":38.20068, "long":-85.796327}, "HiredDate":"2022-09-15"}