{"GUID":"97a34aa9-a88c-4525-ac51-b3af57f0de2b", "Gender":"female", "Title":"Ms.", "GivenName":"Karen", "MiddleInitial":"C", "Surname":"Seymore", "StreetAddress":"4 Mount Tabor", "City":"Westbury", "State":"NY", "ZipCode":"11590", "Country":"US", "EmailAddress":"KarenCSeymore@cuvox.de", "TelephoneNumber":"914-565-9006", "TelephoneCountryCode":"1", "Birthday":"9/13/80", "NationalID":"108-36-0062", "BaseSalary":"61670", "Bonus":"6167", "Department":"R&D", "Status":"Active - Regular Exempt (Full-time)", "ManagerGUID":"695fdc37-42f1-4c19-9ba1-c4fe87454041", "point":{"lat":40.739895, "long":-73.550498}, "HiredDate":"2014-07-21"}