{"GUID":"981f7949-332b-4e3e-85b4-c17701159796", "Gender":"male", "Title":"Mr.", "GivenName":"Carlos", "MiddleInitial":"L", "Surname":"Sullivan", "StreetAddress":"1485 Farland Street", "City":"Westborough", "State":"MA", "ZipCode":"1581", "Country":"US", "EmailAddress":"CarlosLSullivan@rhyta.com", "TelephoneNumber":"774-230-8592", "TelephoneCountryCode":"1", "Birthday":"2/11/35", "NationalID":"021-62-1623", "BaseSalary":"57940", "Bonus":"5794", "Department":"Engineering", "Status":"Active - Regular Exempt (Full-time)", "ManagerGUID":"3ad0ffbc-3ade-4897-902b-718417a721f5", "point":{"lat":42.358144, "long":-71.709767}, "HiredDate":"2016-06-20"}