{"GUID":"9927a0cf-4af9-46ab-87a6-227f8481c581", "Gender":"male", "Title":"Mr.", "GivenName":"Ryan", "MiddleInitial":"A", "Surname":"Cady", "StreetAddress":"1335 Rockwell Lane", "City":"Rocky Mount", "State":"NC", "ZipCode":"27801", "Country":"US", "EmailAddress":"RyanACady@fleckens.hu", "TelephoneNumber":"252-508-4982", "TelephoneCountryCode":"1", "Birthday":"4/16/74", "NationalID":"245-27-0586", "BaseSalary":"28282", "Bonus":"2828", "Department":"R&D", "Status":"Active - Regular Exempt (Full-time)", "ManagerGUID":"695fdc37-42f1-4c19-9ba1-c4fe87454041", "point":{"lat":35.98895, "long":-77.800038}, "HiredDate":"2020-10-12"}