{"GUID":"9974c941-8a75-4635-acc2-d48045bdf0c0", "Gender":"male", "Title":"Mr.", "GivenName":"Ernest", "MiddleInitial":"D", "Surname":"Ferguson", "StreetAddress":"574 Village View Drive", "City":"Mount Airy", "State":"MD", "ZipCode":"21771", "Country":"US", "EmailAddress":"ErnestDFerguson@armyspy.com", "TelephoneNumber":"240-225-7501", "TelephoneCountryCode":"1", "Birthday":"7/25/86", "NationalID":"212-72-7243", "BaseSalary":"17760", "Bonus":"1776", "Department":"Marketing", "Status":"Active - Regular Exempt (Full-time)", "ManagerGUID":"d0862e5d-5be6-473b-a500-3e3a852b2bb8", "point":{"lat":39.309233, "long":-77.108491}, "HiredDate":"2016-10-25"}