{"GUID":"9975e28c-34d2-4f7d-9d5e-94fc4035befa", "Gender":"male", "Title":"Mr.", "GivenName":"Juan", "MiddleInitial":"L", "Surname":"Springer", "StreetAddress":"3966 Harley Brook Lane", "City":"Mcconnellstown", "State":"PA", "ZipCode":"16660", "Country":"US", "EmailAddress":"JuanLSpringer@gustr.com", "TelephoneNumber":"814-627-1076", "TelephoneCountryCode":"1", "Birthday":"11/2/96", "NationalID":"161-44-6304", "BaseSalary":"32704", "Bonus":"3270", "Department":"Marketing", "Status":"Active - Regular Exempt (Full-time)", "ManagerGUID":"d0862e5d-5be6-473b-a500-3e3a852b2bb8", "point":{"lat":40.373895, "long":-78.075459}, "HiredDate":"2017-05-19"}