{"GUID":"9a31eaef-55f2-4a03-879f-8e9aa87dba6d", "Gender":"female", "Title":"Ms.", "GivenName":"Barbara", "MiddleInitial":"C", "Surname":"Stevenson", "StreetAddress":"1305 Whitetail Lane", "City":"Dallas", "State":"TX", "ZipCode":"75201", "Country":"US", "EmailAddress":"BarbaraCStevenson@rhyta.com", "TelephoneNumber":"469-348-1310", "TelephoneCountryCode":"1", "Birthday":"7/23/45", "NationalID":"466-70-9134", "BaseSalary":"94351", "Bonus":"9435", "Department":"R&D", "Status":"Active - Regular Exempt (Full-time)", "ManagerGUID":"695fdc37-42f1-4c19-9ba1-c4fe87454041", "point":{"lat":32.802791, "long":-96.813278}, "HiredDate":"2021-02-25"}