{"GUID":"9a4d5d9a-e04e-41a7-a2ac-1bd64f6a2edd", "Gender":"male", "Title":"Mr.", "GivenName":"Richard", "MiddleInitial":"B", "Surname":"Kemble", "StreetAddress":"2188 Hickory Street", "City":"Santaquin", "State":"UT", "ZipCode":"84655", "Country":"US", "EmailAddress":"RichardBKemble@einrot.com", "TelephoneNumber":"801-754-8958", "TelephoneCountryCode":"1", "Birthday":"2/21/83", "NationalID":"528-63-2293", "BaseSalary":"93143", "Bonus":"9314", "Department":"R&D", "Status":"Active - Regular Exempt (Full-time)", "ManagerGUID":"695fdc37-42f1-4c19-9ba1-c4fe87454041", "point":{"lat":39.922888, "long":-111.811372}, "HiredDate":"2022-04-20"}