{"GUID":"9a976b99-d84e-490f-87bd-2e95a021beb6", "Gender":"male", "Title":"Mr.", "GivenName":"Reuben", "MiddleInitial":"D", "Surname":"Bell", "StreetAddress":"601 Badger Pond Lane", "City":"North Gulf Beach", "State":"FL", "ZipCode":"34642", "Country":"US", "EmailAddress":"ReubenDBell@einrot.com", "TelephoneNumber":"727-320-1231", "TelephoneCountryCode":"1", "Birthday":"10/25/52", "NationalID":"771-42-6619", "BaseSalary":"93475", "Bonus":"9348", "Department":"Marketing", "Status":"Active - Regular Exempt (Full-time)", "ManagerGUID":"d0862e5d-5be6-473b-a500-3e3a852b2bb8", "point":{"lat":30.245301, "long":-87.398737}, "HiredDate":"2013-02-05"}