{"GUID":"9c6a0f41-ab23-4f3d-984e-b3a095256dbb", "Gender":"female", "Title":"Ms.", "GivenName":"Nancy", "MiddleInitial":"H", "Surname":"Gupta", "StreetAddress":"8 Maple Street", "City":"Anaheim", "State":"CA", "ZipCode":"92801", "Country":"US", "EmailAddress":"NancyHGupta@dayrep.com", "TelephoneNumber":"714-322-7151", "TelephoneCountryCode":"1", "Birthday":"7/28/78", "NationalID":"619-16-0626", "BaseSalary":"63556", "Bonus":"6356", "Department":"Sales", "Status":"Active - Regular Exempt (Full-time)", "ManagerGUID":"07bb968f-e95e-4c40-8889-d88ba6b369d0", "point":{"lat":33.841229, "long":-118.051474}, "HiredDate":"2020-08-24"}