{"GUID":"9cb228d8-59c0-4411-a178-75b7e86dc7ce", "Gender":"female", "Title":"Ms.", "GivenName":"Sylvia", "MiddleInitial":"M", "Surname":"Goldsmith", "StreetAddress":"2779 Adonais Way", "City":"Atlanta", "State":"GA", "ZipCode":"30329", "Country":"US", "EmailAddress":"SylviaMGoldsmith@armyspy.com", "TelephoneNumber":"678-453-4844", "TelephoneCountryCode":"1", "Birthday":"12/23/60", "NationalID":"259-49-8657", "BaseSalary":"85687", "Bonus":"8569", "Department":"R&D", "Status":"Active - Regular Exempt (Full-time)", "ManagerGUID":"695fdc37-42f1-4c19-9ba1-c4fe87454041", "point":{"lat":33.783982, "long":-84.419823}, "HiredDate":"2014-08-05"}