{"GUID":"9cdce214-aa0c-4c74-a9f1-7e79b130849f", "Gender":"female", "Title":"Mrs.", "GivenName":"Sally", "MiddleInitial":"W", "Surname":"Owens", "StreetAddress":"3660 Roy Alley", "City":"Littleton", "State":"CO", "ZipCode":"80123", "Country":"US", "EmailAddress":"SallyWOwens@teleworm.us", "TelephoneNumber":"303-948-0749", "TelephoneCountryCode":"1", "Birthday":"4/1/83", "NationalID":"652-01-2311", "BaseSalary":"72299", "Bonus":"7230", "Department":"Marketing", "Status":"Active - Regular Exempt (Full-time)", "ManagerGUID":"d0862e5d-5be6-473b-a500-3e3a852b2bb8", "point":{"lat":39.681691, "long":-105.095322}, "HiredDate":"2013-08-03"}