{"GUID":"9d173a13-1502-4dac-99b8-bdde0247fbc7", "Gender":"female", "Title":"Ms.", "GivenName":"Michelle", "MiddleInitial":"M", "Surname":"Stillings", "StreetAddress":"2273 Don Jackson Lane", "City":"Southfield", "State":"MI", "ZipCode":"48075", "Country":"US", "EmailAddress":"MichelleMStillings@rhyta.com", "TelephoneNumber":"810-204-5856", "TelephoneCountryCode":"1", "Birthday":"7/7/84", "NationalID":"385-96-1509", "BaseSalary":"40759", "Bonus":"4076", "Department":"Sales", "Status":"Active - Regular Exempt (Full-time)", "ManagerGUID":"07bb968f-e95e-4c40-8889-d88ba6b369d0", "point":{"lat":42.472511, "long":-83.259381}, "HiredDate":"2016-09-07"}