{"GUID":"9d1ebc81-6bd6-4c25-9913-24f5ebcd5118", "Gender":"female", "Title":"Ms.", "GivenName":"Willie", "MiddleInitial":"G", "Surname":"Sanchez", "StreetAddress":"221 Sycamore Circle", "City":"Fort Worth", "State":"TX", "ZipCode":"76102", "Country":"US", "EmailAddress":"WillieGSanchez@einrot.com", "TelephoneNumber":"682-555-6406", "TelephoneCountryCode":"1", "Birthday":"7/13/82", "NationalID":"454-34-1264", "BaseSalary":"55333", "Bonus":"5533", "Department":"Marketing", "Status":"Active - Regular Exempt (Full-time)", "ManagerGUID":"d0862e5d-5be6-473b-a500-3e3a852b2bb8", "point":{"lat":32.683411, "long":-97.254263}, "HiredDate":"2016-10-28"}