{"GUID":"9d40d5ae-1f12-4dd8-959b-8bbb17f3de6b", "Gender":"female", "Title":"Mrs.", "GivenName":"Frankie", "MiddleInitial":"R", "Surname":"Newsome", "StreetAddress":"13 Snyder Avenue", "City":"Salisbury", "State":"NC", "ZipCode":"28144", "Country":"US", "EmailAddress":"FrankieRNewsome@einrot.com", "TelephoneNumber":"704-645-5374", "TelephoneCountryCode":"1", "Birthday":"12/4/62", "NationalID":"240-73-7036", "BaseSalary":"91023", "Bonus":"9102", "Department":"Engineering", "Status":"Active - Regular Exempt (Full-time)", "ManagerGUID":"3ad0ffbc-3ade-4897-902b-718417a721f5", "point":{"lat":35.646539, "long":-80.509441}, "HiredDate":"2018-11-23"}