{"GUID":"9da58af5-ec48-4646-859f-08be643bc90b", "Gender":"male", "Title":"Mr.", "GivenName":"Jan", "MiddleInitial":"E", "Surname":"Hall", "StreetAddress":"3325 Hillcrest Circle", "City":"Golden Valley", "State":"MN", "ZipCode":"55427", "Country":"US", "EmailAddress":"JanEHall@armyspy.com", "TelephoneNumber":"763-541-1218", "TelephoneCountryCode":"1", "Birthday":"2/20/96", "NationalID":"477-80-6139", "BaseSalary":"64759", "Bonus":"6476", "Department":"Marketing", "Status":"Active - Regular Exempt (Full-time)", "ManagerGUID":"d0862e5d-5be6-473b-a500-3e3a852b2bb8", "point":{"lat":45.0239, "long":-93.393241}, "HiredDate":"2016-08-07"}