{"GUID":"9dd69b17-761f-4602-883e-1224424f21fd", "Gender":"female", "Title":"Ms.", "GivenName":"Christina", "MiddleInitial":"M", "Surname":"Bader", "StreetAddress":"2851 Riverside Drive", "City":"Augusta", "State":"GA", "ZipCode":"30902", "Country":"US", "EmailAddress":"ChristinaMBader@teleworm.us", "TelephoneNumber":"706-830-4715", "TelephoneCountryCode":"1", "Birthday":"4/30/87", "NationalID":"674-12-2716", "BaseSalary":"45492", "Bonus":"4549", "Department":"R&D", "Status":"Active - Regular Exempt (Full-time)", "ManagerGUID":"695fdc37-42f1-4c19-9ba1-c4fe87454041", "point":{"lat":33.49382, "long":-82.137691}, "HiredDate":"2018-03-05"}