{"GUID":"9ec61cc7-6c66-48fc-9482-775648d64b8e", "Gender":"male", "Title":"Mr.", "GivenName":"Cameron", "MiddleInitial":"N", "Surname":"Cook", "StreetAddress":"255 Drummond Street", "City":"Boonton", "State":"NJ", "ZipCode":"7005", "Country":"US", "EmailAddress":"CameronNCook@einrot.com", "TelephoneNumber":"973-263-6938", "TelephoneCountryCode":"1", "Birthday":"5/8/63", "NationalID":"145-06-9786", "BaseSalary":"56840", "Bonus":"5684", "Department":"Engineering", "Status":"Active - Regular Exempt (Full-time)", "ManagerGUID":"3ad0ffbc-3ade-4897-902b-718417a721f5", "point":{"lat":40.851305, "long":-74.320434}, "HiredDate":"2018-03-21"}