{"GUID":"9fc9ac69-1dcb-46c1-9e0b-2f5ca11758d6", "Gender":"male", "Title":"Mr.", "GivenName":"James", "MiddleInitial":"M", "Surname":"Dusek", "StreetAddress":"4947 Ella Street", "City":"Concord", "State":"CA", "ZipCode":"94520", "Country":"US", "EmailAddress":"JamesMDusek@jourrapide.com", "TelephoneNumber":"650-307-1174", "TelephoneCountryCode":"1", "Birthday":"7/20/70", "NationalID":"609-41-9105", "BaseSalary":"65466", "Bonus":"6547", "Department":"Marketing", "Status":"Active - Regular Exempt (Full-time)", "ManagerGUID":"d0862e5d-5be6-473b-a500-3e3a852b2bb8", "point":{"lat":37.949905, "long":-122.03982}, "HiredDate":"2014-06-22"}