{"GUID":"a013c8e6-2e81-46db-81c2-3372e9c02ae9", "Gender":"male", "Title":"Mr.", "GivenName":"Scott", "MiddleInitial":"V", "Surname":"Reynolds", "StreetAddress":"162 Radio Park Drive", "City":"Blairsville", "State":"GA", "ZipCode":"30512", "Country":"US", "EmailAddress":"ScottVReynolds@dayrep.com", "TelephoneNumber":"706-745-7430", "TelephoneCountryCode":"1", "Birthday":"11/7/76", "NationalID":"259-81-4236", "BaseSalary":"56020", "Bonus":"5602", "Department":"R&D", "Status":"Active - Regular Exempt (Full-time)", "ManagerGUID":"695fdc37-42f1-4c19-9ba1-c4fe87454041", "point":{"lat":34.904519, "long":-83.934112}, "HiredDate":"2021-08-12"}