{"GUID":"a03d18f4-3747-4266-ae6c-49ef9138ceae", "Gender":"female", "Title":"Mrs.", "GivenName":"Annie", "MiddleInitial":"B", "Surname":"Medley", "StreetAddress":"4119 Granville Lane", "City":"Belleville", "State":"NJ", "ZipCode":"7109", "Country":"US", "EmailAddress":"AnnieBMedley@dayrep.com", "TelephoneNumber":"973-488-2152", "TelephoneCountryCode":"1", "Birthday":"5/3/51", "NationalID":"149-08-5324", "BaseSalary":"77601", "Bonus":"7760", "Department":"Sales", "Status":"Active - Regular Exempt (Full-time)", "ManagerGUID":"07bb968f-e95e-4c40-8889-d88ba6b369d0", "point":{"lat":40.789819, "long":-74.070382}, "HiredDate":"2016-11-19"}