{"GUID":"a070b663-b9f5-4d41-81b5-2d0041a7f5f1", "Gender":"female", "Title":"Mrs.", "GivenName":"Joyce", "MiddleInitial":"R", "Surname":"Gruber", "StreetAddress":"1436 Clarksburg Park Road", "City":"Yuma", "State":"AZ", "ZipCode":"85365", "Country":"US", "EmailAddress":"JoyceRGruber@rhyta.com", "TelephoneNumber":"928-305-5797", "TelephoneCountryCode":"1", "Birthday":"2/4/94", "NationalID":"527-47-9200", "BaseSalary":"70589", "Bonus":"7059", "Department":"Training", "Status":"Active - Regular Exempt (Full-time)", "ManagerGUID":"0004880b-4826-4706-89e8-ba17f415a669", "point":{"lat":32.789921, "long":-114.534143}, "HiredDate":"2019-03-24"}