{"GUID":"a0752070-ca86-46b2-9b55-51ec38a7a38d", "Gender":"male", "Title":"Mr.", "GivenName":"Kurt", "MiddleInitial":"S", "Surname":"Wells", "StreetAddress":"2327 Larry Street", "City":"New Berlin", "State":"WI", "ZipCode":"53151", "Country":"US", "EmailAddress":"KurtSWells@rhyta.com", "TelephoneNumber":"414-801-8503", "TelephoneCountryCode":"1", "Birthday":"8/7/90", "NationalID":"390-80-4818", "BaseSalary":"57030", "Bonus":"5703", "Department":"Sales", "Status":"Active - Regular Exempt (Full-time)", "ManagerGUID":"07bb968f-e95e-4c40-8889-d88ba6b369d0", "point":{"lat":43.013362, "long":-88.035834}, "HiredDate":"2017-01-06"}