{"GUID":"a0b1bbbf-f185-4a7e-9d4d-94f424bd33b8", "Gender":"female", "Title":"Ms.", "GivenName":"Esther", "MiddleInitial":"J", "Surname":"Osborn", "StreetAddress":"3617 Perine Street", "City":"Washington", "State":"VA", "ZipCode":"20005", "Country":"US", "EmailAddress":"EstherJOsborn@armyspy.com", "TelephoneNumber":"703-788-5223", "TelephoneCountryCode":"1", "Birthday":"7/6/81", "NationalID":"691-05-0118", "BaseSalary":"93136", "Bonus":"9314", "Department":"R&D", "Status":"Active - Regular Exempt (Full-time)", "ManagerGUID":"695fdc37-42f1-4c19-9ba1-c4fe87454041", "point":{"lat":38.983513, "long":-77.068715}, "HiredDate":"2014-12-11"}