{"GUID":"a15d9b5e-2bb4-4347-841d-5860d6e08d78", "Gender":"male", "Title":"Dr.", "GivenName":"Sean", "MiddleInitial":"V", "Surname":"Koenig", "StreetAddress":"3972 Lost Creek Road", "City":"Emmaus", "State":"PA", "ZipCode":"18049", "Country":"US", "EmailAddress":"SeanVKoenig@teleworm.us", "TelephoneNumber":"610-965-1942", "TelephoneCountryCode":"1", "Birthday":"9/29/92", "NationalID":"166-78-3394", "BaseSalary":"24522", "Bonus":"2452", "Department":"Sales", "Status":"Active - Regular Exempt (Full-time)", "ManagerGUID":"07bb968f-e95e-4c40-8889-d88ba6b369d0", "point":{"lat":40.593893, "long":-75.422746}, "HiredDate":"2021-06-26"}