{"GUID":"a1621202-f50d-4c31-9a15-0b0d77351363", "Gender":"female", "Title":"Ms.", "GivenName":"Gabrielle", "MiddleInitial":"R", "Surname":"Sheehan", "StreetAddress":"3714 Barnes Avenue", "City":"Cincinnati", "State":"OH", "ZipCode":"45240", "Country":"US", "EmailAddress":"GabrielleRSheehan@gustr.com", "TelephoneNumber":"513-674-6312", "TelephoneCountryCode":"1", "Birthday":"6/30/35", "NationalID":"277-40-3732", "BaseSalary":"85749", "Bonus":"8575", "Department":"Sales", "Status":"Active - Regular Exempt (Full-time)", "ManagerGUID":"07bb968f-e95e-4c40-8889-d88ba6b369d0", "point":{"lat":39.326499, "long":-84.545384}, "HiredDate":"2018-04-24"}