{"GUID":"a23d40f2-4db9-4657-aa09-85befd1e3e16", "Gender":"male", "Title":"Mr.", "GivenName":"Samuel", "MiddleInitial":"M", "Surname":"Hess", "StreetAddress":"3828 Gandy Street", "City":"Syracuse", "State":"NY", "ZipCode":"13202", "Country":"US", "EmailAddress":"SamuelMHess@dayrep.com", "TelephoneNumber":"315-237-4827", "TelephoneCountryCode":"1", "Birthday":"4/3/59", "NationalID":"064-20-8640", "BaseSalary":"99840", "Bonus":"9984", "Department":"Engineering", "Status":"Active - Regular Exempt (Full-time)", "ManagerGUID":"3ad0ffbc-3ade-4897-902b-718417a721f5", "point":{"lat":42.99226, "long":-76.212109}, "HiredDate":"2018-02-06"}