{"GUID":"a286e5b0-a82c-419c-9855-a808c4c5ac37", "Gender":"male", "Title":"Mr.", "GivenName":"Daniel", "MiddleInitial":"J", "Surname":"Nash", "StreetAddress":"2350 Calvin Street", "City":"Baltimore", "State":"MD", "ZipCode":"21201", "Country":"US", "EmailAddress":"DanielJNash@armyspy.com", "TelephoneNumber":"443-408-4141", "TelephoneCountryCode":"1", "Birthday":"6/15/72", "NationalID":"219-32-2142", "BaseSalary":"97830", "Bonus":"9783", "Department":"R&D", "Status":"Active - Regular Exempt (Full-time)", "ManagerGUID":"695fdc37-42f1-4c19-9ba1-c4fe87454041", "point":{"lat":39.370753, "long":-76.720058}, "HiredDate":"2013-01-31"}