{"GUID":"a2b65b68-1c8d-4fde-a87a-7d803fdf7d5d", "Gender":"female", "Title":"Mrs.", "GivenName":"Norma", "MiddleInitial":"G", "Surname":"Hawkins", "StreetAddress":"1429 Red Maple Drive", "City":"Los Angeles", "State":"CA", "ZipCode":"90018", "Country":"US", "EmailAddress":"NormaGHawkins@cuvox.de", "TelephoneNumber":"323-373-7068", "TelephoneCountryCode":"1", "Birthday":"10/26/53", "NationalID":"612-96-2330", "BaseSalary":"68623", "Bonus":"6862", "Department":"Training", "Status":"Active - Regular Exempt (Full-time)", "ManagerGUID":"0004880b-4826-4706-89e8-ba17f415a669", "point":{"lat":34.061611, "long":-118.307824}, "HiredDate":"2020-11-16"}