{"GUID":"a36139be-7f98-4570-a532-56103e471f03", "Gender":"female", "Title":"Mrs.", "GivenName":"Debbie", "MiddleInitial":"R", "Surname":"Coley", "StreetAddress":"2499 Cunningham Court", "City":"Holly", "State":"MI", "ZipCode":"48442", "Country":"US", "EmailAddress":"DebbieRColey@rhyta.com", "TelephoneNumber":"248-634-8379", "TelephoneCountryCode":"1", "Birthday":"11/23/86", "NationalID":"380-31-4826", "BaseSalary":"72805", "Bonus":"7281", "Department":"Sales", "Status":"Active - Regular Exempt (Full-time)", "ManagerGUID":"07bb968f-e95e-4c40-8889-d88ba6b369d0", "point":{"lat":42.83589, "long":-83.520498}, "HiredDate":"2020-06-05"}