{"GUID":"a3634de0-3fa4-4d1f-90a2-fc0a42e1ea66", "Gender":"male", "Title":"Mr.", "GivenName":"Charles", "MiddleInitial":"E", "Surname":"Farner", "StreetAddress":"2787 Old Dear Lane", "City":"Poughkeepsie", "State":"NY", "ZipCode":"12601", "Country":"US", "EmailAddress":"CharlesEFarner@jourrapide.com", "TelephoneNumber":"845-835-2214", "TelephoneCountryCode":"1", "Birthday":"7/9/73", "NationalID":"056-40-2679", "BaseSalary":"44950", "Bonus":"4495", "Department":"R&D", "Status":"Active - Regular Exempt (Full-time)", "ManagerGUID":"695fdc37-42f1-4c19-9ba1-c4fe87454041", "point":{"lat":41.723683, "long":-73.946427}, "HiredDate":"2017-10-14"}