{"GUID":"a3f6032d-4a7f-480d-81bc-3f534c8b3e6d", "Gender":"female", "Title":"Ms.", "GivenName":"Margaret", "MiddleInitial":"J", "Surname":"Crawford", "StreetAddress":"2086 Dovetail Drive", "City":"Wood Dale", "State":"IL", "ZipCode":"60191", "Country":"US", "EmailAddress":"MargaretJCrawford@jourrapide.com", "TelephoneNumber":"847-324-0527", "TelephoneCountryCode":"1", "Birthday":"11/22/41", "NationalID":"353-36-9657", "BaseSalary":"50522", "Bonus":"5052", "Department":"Marketing", "Status":"Active - Regular Exempt (Full-time)", "ManagerGUID":"d0862e5d-5be6-473b-a500-3e3a852b2bb8", "point":{"lat":42.015182, "long":-88.021871}, "HiredDate":"2014-10-29"}