{"GUID":"a5521560-8057-4838-87c9-4ae519f014fc", "Gender":"male", "Title":"Mr.", "GivenName":"Ray", "MiddleInitial":"S", "Surname":"Lopez", "StreetAddress":"4331 Vineyard Drive", "City":"Solon", "State":"OH", "ZipCode":"44139", "Country":"US", "EmailAddress":"RaySLopez@cuvox.de", "TelephoneNumber":"440-349-2121", "TelephoneCountryCode":"1", "Birthday":"7/3/91", "NationalID":"269-18-1199", "BaseSalary":"69166", "Bonus":"6917", "Department":"Engineering", "Status":"Active - Regular Exempt (Full-time)", "ManagerGUID":"3ad0ffbc-3ade-4897-902b-718417a721f5", "point":{"lat":41.387855, "long":-81.422153}, "HiredDate":"2015-03-31"}