{"GUID":"a58b77a2-f0e5-4b6d-b8dc-082c3e3d1c5d", "Gender":"female", "Title":"Mrs.", "GivenName":"Anna", "MiddleInitial":"L", "Surname":"Brewster", "StreetAddress":"1035 Sardis Sta", "City":"Dallas", "State":"TX", "ZipCode":"75247", "Country":"US", "EmailAddress":"AnnaLBrewster@jourrapide.com", "TelephoneNumber":"817-582-5696", "TelephoneCountryCode":"1", "Birthday":"12/24/81", "NationalID":"465-99-1267", "BaseSalary":"50435", "Bonus":"5044", "Department":"Engineering", "Status":"Active - Regular Exempt (Full-time)", "ManagerGUID":"3ad0ffbc-3ade-4897-902b-718417a721f5", "point":{"lat":32.843699, "long":-96.812245}, "HiredDate":"2013-01-10"}