{"GUID":"a59a2781-d7a9-4eeb-81f8-47c3b6941b1c", "Gender":"female", "Title":"Ms.", "GivenName":"Margie", "MiddleInitial":"J", "Surname":"Walker", "StreetAddress":"3343 Camel Back Road", "City":"Hanna", "State":"OK", "ZipCode":"74845", "Country":"US", "EmailAddress":"MargieJWalker@teleworm.us", "TelephoneNumber":"918-657-0590", "TelephoneCountryCode":"1", "Birthday":"12/2/68", "NationalID":"440-84-9818", "BaseSalary":"46872", "Bonus":"4687", "Department":"R&D", "Status":"Active - Regular Exempt (Full-time)", "ManagerGUID":"695fdc37-42f1-4c19-9ba1-c4fe87454041", "point":{"lat":35.190633, "long":-95.850898}, "HiredDate":"2022-10-06"}