{"GUID":"a61cc7aa-88f6-45bf-abcc-8114cc426386", "Gender":"female", "Title":"Ms.", "GivenName":"Robyn", "MiddleInitial":"D", "Surname":"Hale", "StreetAddress":"939 Ben Street", "City":"Lansing", "State":"MI", "ZipCode":"48933", "Country":"US", "EmailAddress":"RobynDHale@dayrep.com", "TelephoneNumber":"517-936-5789", "TelephoneCountryCode":"1", "Birthday":"4/7/45", "NationalID":"365-23-6499", "BaseSalary":"87888", "Bonus":"8789", "Department":"R&D", "Status":"Active - Regular Exempt (Full-time)", "ManagerGUID":"695fdc37-42f1-4c19-9ba1-c4fe87454041", "point":{"lat":42.804135, "long":-84.478231}, "HiredDate":"2012-05-06"}