{"GUID":"a633e304-cbff-4444-8798-8a6c9c9b33d7", "Gender":"female", "Title":"Mrs.", "GivenName":"Maria", "MiddleInitial":"K", "Surname":"Navarro", "StreetAddress":"260 Five Points", "City":"Baltimore", "State":"MD", "ZipCode":"21201", "Country":"US", "EmailAddress":"MariaKNavarro@gustr.com", "TelephoneNumber":"443-299-8666", "TelephoneCountryCode":"1", "Birthday":"6/30/85", "NationalID":"217-86-4502", "BaseSalary":"67622", "Bonus":"6762", "Department":"R&D", "Status":"Active - Regular Exempt (Full-time)", "ManagerGUID":"695fdc37-42f1-4c19-9ba1-c4fe87454041", "point":{"lat":39.252856, "long":-76.704616}, "HiredDate":"2013-02-08"}