{"GUID":"a6341549-4082-45e9-8e22-1bfb84b736cc", "Gender":"female", "Title":"Mrs.", "GivenName":"Kimberly", "MiddleInitial":"N", "Surname":"Egbert", "StreetAddress":"3383 Franklee Lane", "City":"Philadelphia", "State":"PA", "ZipCode":"19107", "Country":"US", "EmailAddress":"KimberlyNEgbert@jourrapide.com", "TelephoneNumber":"484-604-1808", "TelephoneCountryCode":"1", "Birthday":"11/15/75", "NationalID":"202-14-3165", "BaseSalary":"97280", "Bonus":"9728", "Department":"Sales", "Status":"Active - Regular Exempt (Full-time)", "ManagerGUID":"07bb968f-e95e-4c40-8889-d88ba6b369d0", "point":{"lat":39.971515, "long":-75.094469}, "HiredDate":"2016-11-30"}