{"GUID":"a6787875-7ad4-4170-9602-11aeebd8f3bc", "Gender":"female", "Title":"Mrs.", "GivenName":"Esther", "MiddleInitial":"J", "Surname":"Yoo", "StreetAddress":"579 Kennedy Court", "City":"Westborough", "State":"MA", "ZipCode":"1581", "Country":"US", "EmailAddress":"EstherJYoo@gustr.com", "TelephoneNumber":"774-275-1286", "TelephoneCountryCode":"1", "Birthday":"3/23/63", "NationalID":"029-84-7294", "BaseSalary":"58135", "Bonus":"5814", "Department":"R&D", "Status":"Active - Regular Exempt (Full-time)", "ManagerGUID":"695fdc37-42f1-4c19-9ba1-c4fe87454041", "point":{"lat":42.304753, "long":-71.667494}, "HiredDate":"2017-10-26"}