{"GUID":"a6a83ddf-1e9a-410b-b0a9-0bc709ed07b6", "Gender":"female", "Title":"Mrs.", "GivenName":"Gail", "MiddleInitial":"S", "Surname":"Royster", "StreetAddress":"1271 Briarwood Road", "City":"Springfield", "State":"MO", "ZipCode":"65804", "Country":"US", "EmailAddress":"GailSRoyster@superrito.com", "TelephoneNumber":"417-880-4205", "TelephoneCountryCode":"1", "Birthday":"1/26/51", "NationalID":"488-07-5091", "BaseSalary":"53522", "Bonus":"5352", "Department":"Marketing", "Status":"Active - Regular Exempt (Full-time)", "ManagerGUID":"d0862e5d-5be6-473b-a500-3e3a852b2bb8", "point":{"lat":37.184259, "long":-93.16987}, "HiredDate":"2021-05-29"}