{"GUID":"a771e05b-6407-488b-a386-ff7d7ae05ab9", "Gender":"female", "Title":"Ms.", "GivenName":"Linda", "MiddleInitial":"J", "Surname":"Gilbert", "StreetAddress":"500 Corbin Branch Road", "City":"Johnson City", "State":"TN", "ZipCode":"37601", "Country":"US", "EmailAddress":"LindaJGilbert@rhyta.com", "TelephoneNumber":"423-412-0259", "TelephoneCountryCode":"1", "Birthday":"4/19/69", "NationalID":"759-01-3780", "BaseSalary":"54878", "Bonus":"5488", "Department":"Engineering", "Status":"Active - Regular Exempt (Full-time)", "ManagerGUID":"3ad0ffbc-3ade-4897-902b-718417a721f5", "point":{"lat":36.344442, "long":-82.318726}, "HiredDate":"2018-10-10"}