{"GUID":"a7a124b0-b2c4-4dc7-b448-5267c2183e5d", "Gender":"female", "Title":"Ms.", "GivenName":"Susan", "MiddleInitial":"R", "Surname":"Nemeth", "StreetAddress":"2933 Gateway Avenue", "City":"City Of Commerce", "State":"CA", "ZipCode":"90040", "Country":"US", "EmailAddress":"SusanRNemeth@einrot.com", "TelephoneNumber":"661-878-0512", "TelephoneCountryCode":"1", "Birthday":"2/9/70", "NationalID":"617-09-6279", "BaseSalary":"52964", "Bonus":"5296", "Department":"Sales", "Status":"Active - Regular Exempt (Full-time)", "ManagerGUID":"07bb968f-e95e-4c40-8889-d88ba6b369d0", "point":{"lat":34.078823, "long":-118.228385}, "HiredDate":"2021-08-11"}