{"GUID":"a7c6b2c3-da54-4810-b08e-346dc9c50e7f", "Gender":"male", "Title":"Mr.", "GivenName":"Michael", "MiddleInitial":"L", "Surname":"Baker", "StreetAddress":"1680 Cooks Mine Road", "City":"Los Alamos", "State":"NM", "ZipCode":"87544", "Country":"US", "EmailAddress":"MichaelLBaker@rhyta.com", "TelephoneNumber":"505-661-7471", "TelephoneCountryCode":"1", "Birthday":"7/23/58", "NationalID":"525-96-9243", "BaseSalary":"60348", "Bonus":"6035", "Department":"R&D", "Status":"Active - Regular Exempt (Full-time)", "ManagerGUID":"695fdc37-42f1-4c19-9ba1-c4fe87454041", "point":{"lat":35.765586, "long":-106.297996}, "HiredDate":"2021-03-28"}