{"GUID":"a7e7fcc4-0a51-4803-9a36-f2683fc4a8e9", "Gender":"male", "Title":"Mr.", "GivenName":"Steven", "MiddleInitial":"A", "Surname":"Tucker", "StreetAddress":"3970 Walt Nuzum Farm Road", "City":"Batavia", "State":"NY", "ZipCode":"14020", "Country":"US", "EmailAddress":"StevenATucker@jourrapide.com", "TelephoneNumber":"585-345-0130", "TelephoneCountryCode":"1", "Birthday":"6/18/84", "NationalID":"129-86-0257", "BaseSalary":"43912", "Bonus":"4391", "Department":"R&D", "Status":"Active - Regular Exempt (Full-time)", "ManagerGUID":"695fdc37-42f1-4c19-9ba1-c4fe87454041", "point":{"lat":43.088794, "long":-78.240798}, "HiredDate":"2015-10-18"}