{"GUID":"a816f2b9-3432-4e78-8895-84af8f749b3b", "Gender":"female", "Title":"Mrs.", "GivenName":"Mary", "MiddleInitial":"C", "Surname":"Tilton", "StreetAddress":"828 Buena Vista Avenue", "City":"Selma", "State":"OR", "ZipCode":"97538", "Country":"US", "EmailAddress":"MaryCTilton@jourrapide.com", "TelephoneNumber":"541-597-9939", "TelephoneCountryCode":"1", "Birthday":"6/30/76", "NationalID":"541-40-3707", "BaseSalary":"76618", "Bonus":"7662", "Department":"R&D", "Status":"Active - Regular Exempt (Full-time)", "ManagerGUID":"695fdc37-42f1-4c19-9ba1-c4fe87454041", "point":{"lat":42.204399, "long":-123.60207}, "HiredDate":"2013-07-11"}