{"GUID":"a86ec776-5e90-41e2-b93c-f03572fc3046", "Gender":"male", "Title":"Mr.", "GivenName":"John", "MiddleInitial":"W", "Surname":"Rittenberry", "StreetAddress":"2817 My Drive", "City":"Garden City", "State":"NY", "ZipCode":"11530", "Country":"US", "EmailAddress":"JohnWRittenberry@teleworm.us", "TelephoneNumber":"347-410-6166", "TelephoneCountryCode":"1", "Birthday":"8/21/95", "NationalID":"056-42-9368", "BaseSalary":"20556", "Bonus":"2056", "Department":"R&D", "Status":"Active - Regular Exempt (Full-time)", "ManagerGUID":"695fdc37-42f1-4c19-9ba1-c4fe87454041", "point":{"lat":40.675535, "long":-73.626737}, "HiredDate":"2013-04-17"}