{"GUID":"a8b78791-2e70-42cd-b9da-c12239f76de9", "Gender":"male", "Title":"Mr.", "GivenName":"Julius", "MiddleInitial":"J", "Surname":"Long", "StreetAddress":"1415 Bailey Drive", "City":"Cedar Rapids", "State":"IA", "ZipCode":"52401", "Country":"US", "EmailAddress":"JuliusJLong@cuvox.de", "TelephoneNumber":"319-365-6721", "TelephoneCountryCode":"1", "Birthday":"1/9/97", "NationalID":"481-46-4334", "BaseSalary":"44777", "Bonus":"4478", "Department":"R&D", "Status":"Active - Regular Exempt (Full-time)", "ManagerGUID":"695fdc37-42f1-4c19-9ba1-c4fe87454041", "point":{"lat":41.964558, "long":-91.71967}, "HiredDate":"2022-04-16"}