{"GUID":"a90a413c-d553-4467-bff9-28da4fbc1b67", "Gender":"male", "Title":"Mr.", "GivenName":"Howard", "MiddleInitial":"C", "Surname":"Brake", "StreetAddress":"378 Davis Avenue", "City":"Concord", "State":"CA", "ZipCode":"94520", "Country":"US", "EmailAddress":"HowardCBrake@teleworm.us", "TelephoneNumber":"707-761-9879", "TelephoneCountryCode":"1", "Birthday":"9/12/54", "NationalID":"556-10-3219", "BaseSalary":"44470", "Bonus":"4447", "Department":"R&D", "Status":"Active - Regular Exempt (Full-time)", "ManagerGUID":"695fdc37-42f1-4c19-9ba1-c4fe87454041", "point":{"lat":38.081702, "long":-122.043409}, "HiredDate":"2016-01-09"}