{"GUID":"a9bc5071-6cf5-43b6-b0d9-bac50b409ebd", "Gender":"female", "Title":"Mrs.", "GivenName":"Blanca", "MiddleInitial":"K", "Surname":"King", "StreetAddress":"2917 Oak Ridge Drive", "City":"St Thomas", "State":"MO", "ZipCode":"65076", "Country":"US", "EmailAddress":"BlancaKKing@armyspy.com", "TelephoneNumber":"573-477-0940", "TelephoneCountryCode":"1", "Birthday":"5/18/82", "NationalID":"489-52-4568", "BaseSalary":"20490", "Bonus":"2049", "Department":"R&D", "Status":"Active - Regular Exempt (Full-time)", "ManagerGUID":"695fdc37-42f1-4c19-9ba1-c4fe87454041", "point":{"lat":38.434713, "long":-92.201014}, "HiredDate":"2016-05-24"}