{"GUID":"aa39bc82-1d1d-4865-b999-93a530dfd697", "Gender":"male", "Title":"Mr.", "GivenName":"Frank", "MiddleInitial":"A", "Surname":"Roland", "StreetAddress":"3639 Poling Farm Road", "City":"Elkhorn", "State":"NE", "ZipCode":"68022", "Country":"US", "EmailAddress":"FrankARoland@cuvox.de", "TelephoneNumber":"402-289-6335", "TelephoneCountryCode":"1", "Birthday":"4/2/77", "NationalID":"506-03-7689", "BaseSalary":"81052", "Bonus":"8105", "Department":"Marketing", "Status":"Active - Regular Exempt (Full-time)", "ManagerGUID":"d0862e5d-5be6-473b-a500-3e3a852b2bb8", "point":{"lat":41.319119, "long":-96.173362}, "HiredDate":"2017-04-16"}