{"GUID":"ab9da455-79dc-429e-abac-59e9e1e73c8e", "Gender":"female", "Title":"Mrs.", "GivenName":"Cynthia", "MiddleInitial":"L", "Surname":"Caverly", "StreetAddress":"4409 Gambler Lane", "City":"Houston", "State":"TX", "ZipCode":"77063", "Country":"US", "EmailAddress":"CynthiaLCaverly@armyspy.com", "TelephoneNumber":"281-881-3379", "TelephoneCountryCode":"1", "Birthday":"4/11/73", "NationalID":"455-88-2360", "BaseSalary":"47180", "Bonus":"4718", "Department":"R&D", "Status":"Active - Regular Exempt (Full-time)", "ManagerGUID":"695fdc37-42f1-4c19-9ba1-c4fe87454041", "point":{"lat":29.670452, "long":-95.523661}, "HiredDate":"2022-09-08"}