{"GUID":"ac8ee033-1dff-4ea7-8d1c-0417e886a9c8", "Gender":"male", "Title":"Mr.", "GivenName":"Miguel", "MiddleInitial":"E", "Surname":"Davison", "StreetAddress":"8 County Line Road", "City":"St George", "State":"FL", "ZipCode":"34683", "Country":"US", "EmailAddress":"MiguelEDavison@fleckens.hu", "TelephoneNumber":"727-787-0878", "TelephoneCountryCode":"1", "Birthday":"11/23/56", "NationalID":"263-08-4518", "BaseSalary":"44254", "Bonus":"4425", "Department":"Sales", "Status":"Active - Regular Exempt (Full-time)", "ManagerGUID":"07bb968f-e95e-4c40-8889-d88ba6b369d0", "point":{"lat":26.179274, "long":-80.292608}, "HiredDate":"2022-09-04"}