{"GUID":"ad09563e-13c7-4ef2-a6dd-0074231f3d63", "Gender":"male", "Title":"Mr.", "GivenName":"Salvatore", "MiddleInitial":"M", "Surname":"Herndon", "StreetAddress":"4339 Pennsylvania Avenue", "City":"Edison", "State":"NJ", "ZipCode":"8817", "Country":"US", "EmailAddress":"SalvatoreMHerndon@gustr.com", "TelephoneNumber":"732-339-4386", "TelephoneCountryCode":"1", "Birthday":"6/18/63", "NationalID":"150-36-0073", "BaseSalary":"68052", "Bonus":"6805", "Department":"Sales", "Status":"Active - Regular Exempt (Full-time)", "ManagerGUID":"07bb968f-e95e-4c40-8889-d88ba6b369d0", "point":{"lat":40.506401, "long":-74.416764}, "HiredDate":"2012-09-09"}