{"GUID":"ad19cf3d-587c-4107-ae83-5f5b72b7e9bd", "Gender":"female", "Title":"Mrs.", "GivenName":"Patricia", "MiddleInitial":"L", "Surname":"Medina", "StreetAddress":"3848 Camden Place", "City":"Columbia", "State":"SC", "ZipCode":"29210", "Country":"US", "EmailAddress":"PatriciaLMedina@gustr.com", "TelephoneNumber":"843-922-9944", "TelephoneCountryCode":"1", "Birthday":"10/30/48", "NationalID":"248-43-1754", "BaseSalary":"40468", "Bonus":"4047", "Department":"Engineering", "Status":"Active - Regular Exempt (Full-time)", "ManagerGUID":"3ad0ffbc-3ade-4897-902b-718417a721f5", "point":{"lat":34.058484, "long":-81.126613}, "HiredDate":"2016-09-19"}