{"GUID":"ade7e32f-762f-4b52-b848-d83fbbb1402d", "Gender":"female", "Title":"Mrs.", "GivenName":"Patsy", "MiddleInitial":"A", "Surname":"Pendergrass", "StreetAddress":"3652 Rosewood Court", "City":"Mankato", "State":"MN", "ZipCode":"56001", "Country":"US", "EmailAddress":"PatsyAPendergrass@einrot.com", "TelephoneNumber":"507-317-5327", "TelephoneCountryCode":"1", "Birthday":"6/22/65", "NationalID":"475-27-3175", "BaseSalary":"84440", "Bonus":"8444", "Department":"Marketing", "Status":"Active - Regular Exempt (Full-time)", "ManagerGUID":"d0862e5d-5be6-473b-a500-3e3a852b2bb8", "point":{"lat":44.10968, "long":-94.08925}, "HiredDate":"2019-06-09"}