{"GUID":"ae0b8342-6ac1-4db9-9c89-e6bc0f10c697", "Gender":"male", "Title":"Mr.", "GivenName":"Robert", "MiddleInitial":"J", "Surname":"Spears", "StreetAddress":"404 Bridge Street", "City":"Tulsa", "State":"OK", "ZipCode":"74134", "Country":"US", "EmailAddress":"RobertJSpears@dayrep.com", "TelephoneNumber":"918-879-8066", "TelephoneCountryCode":"1", "Birthday":"2/13/61", "NationalID":"444-42-5257", "BaseSalary":"98775", "Bonus":"9878", "Department":"Engineering", "Status":"Active - Regular Exempt (Full-time)", "ManagerGUID":"3ad0ffbc-3ade-4897-902b-718417a721f5", "point":{"lat":36.105069, "long":-95.846906}, "HiredDate":"2020-04-16"}