{"GUID":"af007835-2863-4980-9d96-6eadd6bb4fc2", "Gender":"male", "Title":"Mr.", "GivenName":"David", "MiddleInitial":"J", "Surname":"Romig", "StreetAddress":"4773 Rockwell Lane", "City":"New Bern", "State":"NC", "ZipCode":"28560", "Country":"US", "EmailAddress":"DavidJRomig@superrito.com", "TelephoneNumber":"252-626-3327", "TelephoneCountryCode":"1", "Birthday":"7/20/46", "NationalID":"682-03-2168", "BaseSalary":"46220", "Bonus":"4622", "Department":"Sales", "Status":"Active - Regular Exempt (Full-time)", "ManagerGUID":"07bb968f-e95e-4c40-8889-d88ba6b369d0", "point":{"lat":35.146629, "long":-76.891933}, "HiredDate":"2021-08-24"}