{"GUID":"af56be1e-0fb1-4b55-b185-217aedd1973a", "Gender":"male", "Title":"Dr.", "GivenName":"Francisco", "MiddleInitial":"M", "Surname":"Moreno", "StreetAddress":"1947 Sunny Day Drive", "City":"Santa Ana", "State":"CA", "ZipCode":"92705", "Country":"US", "EmailAddress":"FranciscoMMoreno@superrito.com", "TelephoneNumber":"714-867-1439", "TelephoneCountryCode":"1", "Birthday":"12/22/48", "NationalID":"573-32-1757", "BaseSalary":"74510", "Bonus":"7451", "Department":"Engineering", "Status":"Active - Regular Exempt (Full-time)", "ManagerGUID":"3ad0ffbc-3ade-4897-902b-718417a721f5", "point":{"lat":33.80503, "long":-117.796948}, "HiredDate":"2017-08-13"}