{"GUID":"af637ef0-72bc-4aae-b161-7bcc84b83dee", "Gender":"male", "Title":"Mr.", "GivenName":"Norman", "MiddleInitial":"S", "Surname":"Loy", "StreetAddress":"3354 Cherry Camp Road", "City":"Chicago", "State":"IL", "ZipCode":"60639", "Country":"US", "EmailAddress":"NormanSLoy@einrot.com", "TelephoneNumber":"773-479-3382", "TelephoneCountryCode":"1", "Birthday":"4/1/63", "NationalID":"332-01-6964", "BaseSalary":"90235", "Bonus":"9024", "Department":"Marketing", "Status":"Active - Regular Exempt (Full-time)", "ManagerGUID":"d0862e5d-5be6-473b-a500-3e3a852b2bb8", "point":{"lat":41.841413, "long":-87.848832}, "HiredDate":"2019-01-19"}