{"GUID":"afbf1ba8-899d-45e9-959a-11b048d39cb4", "Gender":"female", "Title":"Mrs.", "GivenName":"Caroline", "MiddleInitial":"R", "Surname":"Brown", "StreetAddress":"4192 Bombardier Way", "City":"Southfield", "State":"MI", "ZipCode":"48235", "Country":"US", "EmailAddress":"CarolineRBrown@einrot.com", "TelephoneNumber":"734-931-5207", "TelephoneCountryCode":"1", "Birthday":"2/1/67", "NationalID":"368-09-6688", "BaseSalary":"24612", "Bonus":"2461", "Department":"Sales", "Status":"Active - Regular Exempt (Full-time)", "ManagerGUID":"07bb968f-e95e-4c40-8889-d88ba6b369d0", "point":{"lat":42.508708, "long":-83.149251}, "HiredDate":"2014-11-01"}