{"GUID":"afd4c2f4-7ad0-4b70-855b-b0c1e29f24a7", "Gender":"female", "Title":"Mrs.", "GivenName":"Diana", "MiddleInitial":"J", "Surname":"Kimball", "StreetAddress":"336 Cecil Street", "City":"Westchester", "State":"IL", "ZipCode":"60154", "Country":"US", "EmailAddress":"DianaJKimball@cuvox.de", "TelephoneNumber":"312-250-6514", "TelephoneCountryCode":"1", "Birthday":"1/28/38", "NationalID":"360-44-4679", "BaseSalary":"80112", "Bonus":"8011", "Department":"R&D", "Status":"Active - Regular Exempt (Full-time)", "ManagerGUID":"695fdc37-42f1-4c19-9ba1-c4fe87454041", "point":{"lat":41.88522, "long":-87.900098}, "HiredDate":"2016-11-26"}