{"GUID":"b01aeba4-c5fd-4a56-a751-e2cf0ff648fb", "Gender":"female", "Title":"Mrs.", "GivenName":"Dawn", "MiddleInitial":"L", "Surname":"Dean", "StreetAddress":"3527 Rocket Drive", "City":"Minneapolis", "State":"MN", "ZipCode":"55406", "Country":"US", "EmailAddress":"DawnLDean@teleworm.us", "TelephoneNumber":"612-812-1124", "TelephoneCountryCode":"1", "Birthday":"7/20/39", "NationalID":"475-74-5202", "BaseSalary":"74741", "Bonus":"7474", "Department":"Engineering", "Status":"Active - Regular Exempt (Full-time)", "ManagerGUID":"3ad0ffbc-3ade-4897-902b-718417a721f5", "point":{"lat":44.953196, "long":-93.248473}, "HiredDate":"2012-06-19"}