{"GUID":"b1da24ea-c9b0-45cf-9cff-e4cad71dd11c", "Gender":"female", "Title":"Mrs.", "GivenName":"Inez", "MiddleInitial":"L", "Surname":"Amoroso", "StreetAddress":"2922 Melville Street", "City":"Arlington", "State":"TN", "ZipCode":"38002", "Country":"US", "EmailAddress":"InezLAmoroso@superrito.com", "TelephoneNumber":"731-377-3816", "TelephoneCountryCode":"1", "Birthday":"10/12/37", "NationalID":"410-57-4001", "BaseSalary":"45293", "Bonus":"4529", "Department":"R&D", "Status":"Active - Regular Exempt (Full-time)", "ManagerGUID":"695fdc37-42f1-4c19-9ba1-c4fe87454041", "point":{"lat":35.327023, "long":-89.616687}, "HiredDate":"2016-02-08"}