{"GUID":"b24e0992-029a-4a8d-8d8f-a445243f83d2", "Gender":"male", "Title":"Mr.", "GivenName":"Allen", "MiddleInitial":"J", "Surname":"Fitzsimmons", "StreetAddress":"4365 Henry Ford Avenue", "City":"New York", "State":"NY", "ZipCode":"10016", "Country":"US", "EmailAddress":"AllenJFitzsimmons@dayrep.com", "TelephoneNumber":"917-963-2534", "TelephoneCountryCode":"1", "Birthday":"12/29/40", "NationalID":"058-07-9286", "BaseSalary":"32972", "Bonus":"3297", "Department":"Engineering", "Status":"Active - Regular Exempt (Full-time)", "ManagerGUID":"3ad0ffbc-3ade-4897-902b-718417a721f5", "point":{"lat":40.672684, "long":-73.964455}, "HiredDate":"2020-10-23"}