{"GUID":"b3d4407e-a829-4cad-8a83-5c50d82c8d33", "Gender":"male", "Title":"Mr.", "GivenName":"Leon", "MiddleInitial":"T", "Surname":"Bird", "StreetAddress":"22 Crim Lane", "City":"Dayton", "State":"OH", "ZipCode":"45407", "Country":"US", "EmailAddress":"LeonTBird@superrito.com", "TelephoneNumber":"937-688-4222", "TelephoneCountryCode":"1", "Birthday":"3/19/37", "NationalID":"281-06-3166", "BaseSalary":"38058", "Bonus":"3806", "Department":"Engineering", "Status":"Active - Regular Exempt (Full-time)", "ManagerGUID":"3ad0ffbc-3ade-4897-902b-718417a721f5", "point":{"lat":39.683433, "long":-84.135112}, "HiredDate":"2017-05-30"}