{"GUID":"b4092317-357e-4612-9c1b-6e96b244c747", "Gender":"female", "Title":"Mrs.", "GivenName":"Camille", "MiddleInitial":"G", "Surname":"Ohara", "StreetAddress":"562 Hill Croft Farm Road", "City":"Fort Jones", "State":"CA", "ZipCode":"96032", "Country":"US", "EmailAddress":"CamilleGOhara@teleworm.us", "TelephoneNumber":"530-468-7761", "TelephoneCountryCode":"1", "Birthday":"3/18/76", "NationalID":"614-44-5617", "BaseSalary":"70688", "Bonus":"7069", "Department":"R&D", "Status":"Active - Regular Exempt (Full-time)", "ManagerGUID":"695fdc37-42f1-4c19-9ba1-c4fe87454041", "point":{"lat":41.551582, "long":-122.910635}, "HiredDate":"2013-01-22"}