{"GUID":"b436309a-42d2-42b3-8317-d2cc6cde5a13", "Gender":"female", "Title":"Mrs.", "GivenName":"Kathy", "MiddleInitial":"H", "Surname":"Bodnar", "StreetAddress":"2743 Green Hill Road", "City":"Fort Smith", "State":"AR", "ZipCode":"72908", "Country":"US", "EmailAddress":"KathyHBodnar@jourrapide.com", "TelephoneNumber":"479-422-8939", "TelephoneCountryCode":"1", "Birthday":"1/24/84", "NationalID":"432-59-5074", "BaseSalary":"57812", "Bonus":"5781", "Department":"Engineering", "Status":"Active - Regular Exempt (Full-time)", "ManagerGUID":"3ad0ffbc-3ade-4897-902b-718417a721f5", "point":{"lat":35.280245, "long":-94.471629}, "HiredDate":"2021-09-14"}