{"GUID":"b612a52a-3d1c-4ed8-9535-90f4031d210e", "Gender":"male", "Title":"Mr.", "GivenName":"Frank", "MiddleInitial":"D", "Surname":"Starr", "StreetAddress":"1909 Snyder Avenue", "City":"Charlotte", "State":"NC", "ZipCode":"28209", "Country":"US", "EmailAddress":"FrankDStarr@cuvox.de", "TelephoneNumber":"704-623-5997", "TelephoneCountryCode":"1", "Birthday":"6/1/33", "NationalID":"685-05-5614", "BaseSalary":"30696", "Bonus":"3070", "Department":"Sales", "Status":"Active - Regular Exempt (Full-time)", "ManagerGUID":"07bb968f-e95e-4c40-8889-d88ba6b369d0", "point":{"lat":35.095459, "long":-80.874485}, "HiredDate":"2015-05-19"}