{"GUID":"b6853cda-fcd6-40c4-bd9f-2b8de68eadee", "Gender":"female", "Title":"Ms.", "GivenName":"Paula", "MiddleInitial":"J", "Surname":"Lowry", "StreetAddress":"4944 Corpening Drive", "City":"Northville", "State":"MI", "ZipCode":"48167", "Country":"US", "EmailAddress":"PaulaJLowry@jourrapide.com", "TelephoneNumber":"248-380-7764", "TelephoneCountryCode":"1", "Birthday":"8/12/88", "NationalID":"386-15-1907", "BaseSalary":"59768", "Bonus":"5977", "Department":"R&D", "Status":"Active - Regular Exempt (Full-time)", "ManagerGUID":"695fdc37-42f1-4c19-9ba1-c4fe87454041", "point":{"lat":42.459883, "long":-83.564158}, "HiredDate":"2021-10-01"}