{"GUID":"b71060ee-ed8e-4de9-bdc1-2911c486e3bd", "Gender":"male", "Title":"Mr.", "GivenName":"Evan", "MiddleInitial":"J", "Surname":"Concepcion", "StreetAddress":"4829 Hazelwood Avenue", "City":"Des Moines", "State":"IA", "ZipCode":"50309", "Country":"US", "EmailAddress":"EvanJConcepcion@fleckens.hu", "TelephoneNumber":"515-323-6622", "TelephoneCountryCode":"1", "Birthday":"1/16/40", "NationalID":"483-10-3124", "BaseSalary":"59376", "Bonus":"5938", "Department":"Marketing", "Status":"Active - Regular Exempt (Full-time)", "ManagerGUID":"d0862e5d-5be6-473b-a500-3e3a852b2bb8", "point":{"lat":41.536747, "long":-93.550672}, "HiredDate":"2014-12-25"}