{"GUID":"b7af7221-534a-48d1-95e1-8618bbc4047d", "Gender":"male", "Title":"Mr.", "GivenName":"Michael", "MiddleInitial":"E", "Surname":"Seiter", "StreetAddress":"3982 Lamberts Branch Road", "City":"Miramar", "State":"FL", "ZipCode":"33025", "Country":"US", "EmailAddress":"MichaelESeiter@einrot.com", "TelephoneNumber":"786-683-7774", "TelephoneCountryCode":"1", "Birthday":"1/26/34", "NationalID":"766-16-4477", "BaseSalary":"32768", "Bonus":"3277", "Department":"R&D", "Status":"Active - Regular Exempt (Full-time)", "ManagerGUID":"695fdc37-42f1-4c19-9ba1-c4fe87454041", "point":{"lat":25.910997, "long":-80.235707}, "HiredDate":"2014-09-03"}