{"GUID":"b7d04aa0-8348-4794-b9a6-a2f2723f3ffe", "Gender":"male", "Title":"Mr.", "GivenName":"Mario", "MiddleInitial":"J", "Surname":"English", "StreetAddress":"900 Lake Floyd Circle", "City":"Newark", "State":"DE", "ZipCode":"19714", "Country":"US", "EmailAddress":"MarioJEnglish@jourrapide.com", "TelephoneNumber":"302-246-2788", "TelephoneCountryCode":"1", "Birthday":"1/10/78", "NationalID":"222-58-3779", "BaseSalary":"25608", "Bonus":"2561", "Department":"Engineering", "Status":"Active - Regular Exempt (Full-time)", "ManagerGUID":"3ad0ffbc-3ade-4897-902b-718417a721f5", "point":{"lat":39.761456, "long":-75.803268}, "HiredDate":"2019-04-07"}