{"GUID":"b8bd6868-6bce-4e11-bc39-b4d41cc4be50", "Gender":"female", "Title":"Ms.", "GivenName":"Tina", "MiddleInitial":"C", "Surname":"Cox", "StreetAddress":"2840 Grant Street", "City":"Corsicana", "State":"TX", "ZipCode":"75110", "Country":"US", "EmailAddress":"TinaCCox@cuvox.de", "TelephoneNumber":"903-875-1330", "TelephoneCountryCode":"1", "Birthday":"3/18/88", "NationalID":"461-20-2048", "BaseSalary":"22482", "Bonus":"2248", "Department":"Sales", "Status":"Active - Regular Exempt (Full-time)", "ManagerGUID":"07bb968f-e95e-4c40-8889-d88ba6b369d0", "point":{"lat":32.13597, "long":-96.597065}, "HiredDate":"2020-01-26"}