{"GUID":"b9955f8e-1e14-4b70-8f2f-ede846c8da8b", "Gender":"male", "Title":"Mr.", "GivenName":"Claude", "MiddleInitial":"G", "Surname":"Gamble", "StreetAddress":"1091 Aviation Way", "City":"Los Angeles", "State":"CA", "ZipCode":"90017", "Country":"US", "EmailAddress":"ClaudeGGamble@einrot.com", "TelephoneNumber":"213-984-8942", "TelephoneCountryCode":"1", "Birthday":"8/26/67", "NationalID":"548-84-5182", "BaseSalary":"53262", "Bonus":"5326", "Department":"Marketing", "Status":"Active - Regular Exempt (Full-time)", "ManagerGUID":"d0862e5d-5be6-473b-a500-3e3a852b2bb8", "point":{"lat":34.023626, "long":-118.306276}, "HiredDate":"2015-08-08"}