{"GUID":"ba18f0b9-8018-4c5b-b820-5882a6c867d5", "Gender":"female", "Title":"Ms.", "GivenName":"Tara", "MiddleInitial":"S", "Surname":"Flanagan", "StreetAddress":"2285 Stroop Hill Road", "City":"Atlanta", "State":"GA", "ZipCode":"30309", "Country":"US", "EmailAddress":"TaraSFlanagan@fleckens.hu", "TelephoneNumber":"404-837-4524", "TelephoneCountryCode":"1", "Birthday":"4/20/97", "NationalID":"674-01-2745", "BaseSalary":"78856", "Bonus":"7886", "Department":"Sales", "Status":"Active - Regular Exempt (Full-time)", "ManagerGUID":"07bb968f-e95e-4c40-8889-d88ba6b369d0", "point":{"lat":33.712653, "long":-84.294738}, "HiredDate":"2018-02-11"}