{"GUID":"ba3a7ff3-0546-4a6a-bb32-08b6913dad16", "Gender":"male", "Title":"Mr.", "GivenName":"Daniel", "MiddleInitial":"L", "Surname":"Delph", "StreetAddress":"3229 Andy Street", "City":"Sioux Falls", "State":"SD", "ZipCode":"57102", "Country":"US", "EmailAddress":"DanielLDelph@teleworm.us", "TelephoneNumber":"605-339-6442", "TelephoneCountryCode":"1", "Birthday":"8/29/67", "NationalID":"503-05-8475", "BaseSalary":"72211", "Bonus":"7221", "Department":"Engineering", "Status":"Active - Regular Exempt (Full-time)", "ManagerGUID":"3ad0ffbc-3ade-4897-902b-718417a721f5", "point":{"lat":43.563032, "long":-96.741098}, "HiredDate":"2020-07-13"}