{"GUID":"ba96a25c-e486-4388-be9d-a230a5f579c4", "Gender":"female", "Title":"Mrs.", "GivenName":"Laverna", "MiddleInitial":"A", "Surname":"Person", "StreetAddress":"753 Upland Avenue", "City":"Oak Harbor", "State":"OH", "ZipCode":"43449", "Country":"US", "EmailAddress":"LavernaAPerson@armyspy.com", "TelephoneNumber":"419-898-9024", "TelephoneCountryCode":"1", "Birthday":"5/21/86", "NationalID":"288-12-6930", "BaseSalary":"57468", "Bonus":"5747", "Department":"Engineering", "Status":"Active - Regular Exempt (Full-time)", "ManagerGUID":"3ad0ffbc-3ade-4897-902b-718417a721f5", "point":{"lat":41.462767, "long":-83.1249}, "HiredDate":"2016-10-24"}