{"GUID":"ba97fc1c-070d-45b5-9459-8de9af124b4a", "Gender":"female", "Title":"Ms.", "GivenName":"Eva", "MiddleInitial":"L", "Surname":"Near", "StreetAddress":"2870 Warner Street", "City":"Opa Locka", "State":"FL", "ZipCode":"33054", "Country":"US", "EmailAddress":"EvaLNear@superrito.com", "TelephoneNumber":"305-953-6100", "TelephoneCountryCode":"1", "Birthday":"3/12/73", "NationalID":"266-06-7838", "BaseSalary":"74349", "Bonus":"7435", "Department":"Sales", "Status":"Active - Regular Exempt (Full-time)", "ManagerGUID":"07bb968f-e95e-4c40-8889-d88ba6b369d0", "point":{"lat":25.911407, "long":-80.156026}, "HiredDate":"2015-09-24"}