{"GUID":"bb3ddf50-80a4-42e8-88b0-6032e605b054", "Gender":"female", "Title":"Ms.", "GivenName":"Cynthia", "MiddleInitial":"T", "Surname":"Gould", "StreetAddress":"3669 Hickory Street", "City":"Salt Lake City", "State":"UT", "ZipCode":"84116", "Country":"US", "EmailAddress":"CynthiaTGould@fleckens.hu", "TelephoneNumber":"801-699-6701", "TelephoneCountryCode":"1", "Birthday":"7/12/88", "NationalID":"646-09-7651", "BaseSalary":"97259", "Bonus":"9726", "Department":"R&D", "Status":"Active - Regular Exempt (Full-time)", "ManagerGUID":"695fdc37-42f1-4c19-9ba1-c4fe87454041", "point":{"lat":40.808297, "long":-111.984662}, "HiredDate":"2021-12-04"}