{"GUID":"bb5eb189-f5f0-4272-abca-dd30cba4e8da", "Gender":"male", "Title":"Mr.", "GivenName":"William", "MiddleInitial":"N", "Surname":"Prada", "StreetAddress":"1182 Adamsville Road", "City":"Mcallen", "State":"TX", "ZipCode":"78501", "Country":"US", "EmailAddress":"WilliamNPrada@armyspy.com", "TelephoneNumber":"956-769-2355", "TelephoneCountryCode":"1", "Birthday":"3/6/41", "NationalID":"633-90-2365", "BaseSalary":"75332", "Bonus":"7533", "Department":"Sales", "Status":"Active - Regular Exempt (Full-time)", "ManagerGUID":"07bb968f-e95e-4c40-8889-d88ba6b369d0", "point":{"lat":26.156346, "long":-98.262564}, "HiredDate":"2015-10-19"}