{"GUID":"bb646c77-9d0e-46cf-b211-ef87f657f4d0", "Gender":"female", "Title":"Mrs.", "GivenName":"Jamie", "MiddleInitial":"R", "Surname":"Rodgers", "StreetAddress":"2152 Fancher Drive", "City":"Dallas", "State":"TX", "ZipCode":"75247", "Country":"US", "EmailAddress":"JamieRRodgers@jourrapide.com", "TelephoneNumber":"214-237-2858", "TelephoneCountryCode":"1", "Birthday":"3/10/83", "NationalID":"633-14-7182", "BaseSalary":"96740", "Bonus":"9674", "Department":"Sales", "Status":"Active - Regular Exempt (Full-time)", "ManagerGUID":"07bb968f-e95e-4c40-8889-d88ba6b369d0", "point":{"lat":32.716102, "long":-96.792348}, "HiredDate":"2019-12-19"}