{"GUID":"bba1ccf3-2638-4be6-9b72-2a85262ea9e5", "Gender":"female", "Title":"Mrs.", "GivenName":"Kelly", "MiddleInitial":"M", "Surname":"Merrifield", "StreetAddress":"2616 Coal Street", "City":"Meadville", "State":"PA", "ZipCode":"16335", "Country":"US", "EmailAddress":"KellyMMerrifield@gustr.com", "TelephoneNumber":"814-373-9058", "TelephoneCountryCode":"1", "Birthday":"4/18/44", "NationalID":"201-70-0336", "BaseSalary":"50941", "Bonus":"5094", "Department":"Marketing", "Status":"Active - Regular Exempt (Full-time)", "ManagerGUID":"d0862e5d-5be6-473b-a500-3e3a852b2bb8", "point":{"lat":41.719084, "long":-80.148472}, "HiredDate":"2017-10-25"}