{"GUID":"bcf00179-9321-492f-95e6-6f7f686c34ec", "Gender":"female", "Title":"Mrs.", "GivenName":"Carol", "MiddleInitial":"A", "Surname":"Thompson", "StreetAddress":"1599 Rollins Road", "City":"Lewellen", "State":"NE", "ZipCode":"69147", "Country":"US", "EmailAddress":"CarolAThompson@dayrep.com", "TelephoneNumber":"308-778-0045", "TelephoneCountryCode":"1", "Birthday":"2/24/44", "NationalID":"505-07-8672", "BaseSalary":"43119", "Bonus":"4312", "Department":"Sales", "Status":"Active - Regular Exempt (Full-time)", "ManagerGUID":"07bb968f-e95e-4c40-8889-d88ba6b369d0", "point":{"lat":41.580362, "long":-101.99138}, "HiredDate":"2018-06-01"}