{"GUID":"bd1a9ec4-73f3-46b0-8089-25c3ac71f0cf", "Gender":"female", "Title":"Mrs.", "GivenName":"Sharyn", "MiddleInitial":"K", "Surname":"Powell", "StreetAddress":"1576 Patterson Fork Road", "City":"Chicago", "State":"IL", "ZipCode":"60606", "Country":"US", "EmailAddress":"SharynKPowell@teleworm.us", "TelephoneNumber":"312-574-8618", "TelephoneCountryCode":"1", "Birthday":"2/24/70", "NationalID":"331-86-0012", "BaseSalary":"20726", "Bonus":"2073", "Department":"Engineering", "Status":"Active - Regular Exempt (Full-time)", "ManagerGUID":"3ad0ffbc-3ade-4897-902b-718417a721f5", "point":{"lat":41.843265, "long":-87.556549}, "HiredDate":"2020-09-24"}