{"GUID":"be69f921-878c-4d0f-b02b-ef5f6a8d9666", "Gender":"male", "Title":"Mr.", "GivenName":"Carol", "MiddleInitial":"I", "Surname":"Davis", "StreetAddress":"2432 Bagwell Avenue", "City":"Leesburg", "State":"FL", "ZipCode":"32749", "Country":"US", "EmailAddress":"CarolIDavis@superrito.com", "TelephoneNumber":"352-728-7071", "TelephoneCountryCode":"1", "Birthday":"1/22/62", "NationalID":"266-22-3931", "BaseSalary":"89295", "Bonus":"8930", "Department":"Marketing", "Status":"Active - Regular Exempt (Full-time)", "ManagerGUID":"d0862e5d-5be6-473b-a500-3e3a852b2bb8", "point":{"lat":28.763523, "long":-81.820844}, "HiredDate":"2017-08-05"}