{"GUID":"bef82468-8c87-4de3-b1cd-247f43fc944b", "Gender":"male", "Title":"Mr.", "GivenName":"Dennis", "MiddleInitial":"J", "Surname":"Amos", "StreetAddress":"1244 Pine Tree Lane", "City":"Frederick", "State":"MD", "ZipCode":"21701", "Country":"US", "EmailAddress":"DennisJAmos@rhyta.com", "TelephoneNumber":"240-405-0466", "TelephoneCountryCode":"1", "Birthday":"9/16/32", "NationalID":"215-48-4506", "BaseSalary":"58316", "Bonus":"5832", "Department":"Engineering", "Status":"Active - Regular Exempt (Full-time)", "ManagerGUID":"3ad0ffbc-3ade-4897-902b-718417a721f5", "point":{"lat":39.452283, "long":-77.375616}, "HiredDate":"2014-01-07"}