{"GUID":"bf1a1612-e2b8-43fe-866b-e5dc932abb9e", "Gender":"female", "Title":"Mrs.", "GivenName":"Joy", "MiddleInitial":"S", "Surname":"Horgan", "StreetAddress":"3435 Rocky Road", "City":"Philadelphia", "State":"PA", "ZipCode":"19103", "Country":"US", "EmailAddress":"JoySHorgan@jourrapide.com", "TelephoneNumber":"215-686-2985", "TelephoneCountryCode":"1", "Birthday":"10/27/32", "NationalID":"173-72-0839", "BaseSalary":"96051", "Bonus":"9605", "Department":"Marketing", "Status":"Active - Regular Exempt (Full-time)", "ManagerGUID":"d0862e5d-5be6-473b-a500-3e3a852b2bb8", "point":{"lat":40.019544, "long":-75.157856}, "HiredDate":"2021-04-28"}