{"GUID":"bf47b170-f50f-43dd-80a4-b441c59eda42", "Gender":"female", "Title":"Ms.", "GivenName":"Connie", "MiddleInitial":"J", "Surname":"Montgomery", "StreetAddress":"3025 Echo Lane", "City":"Bellevue", "State":"MI", "ZipCode":"49021", "Country":"US", "EmailAddress":"ConnieJMontgomery@gustr.com", "TelephoneNumber":"269-763-4380", "TelephoneCountryCode":"1", "Birthday":"12/22/44", "NationalID":"370-14-3279", "BaseSalary":"88154", "Bonus":"8815", "Department":"R&D", "Status":"Active - Regular Exempt (Full-time)", "ManagerGUID":"695fdc37-42f1-4c19-9ba1-c4fe87454041", "point":{"lat":42.432386, "long":-85.092576}, "HiredDate":"2013-07-01"}