{"GUID":"bf76da14-a323-497d-85ca-038e64d53e49", "Gender":"male", "Title":"Mr.", "GivenName":"Darnell", "MiddleInitial":"D", "Surname":"Jones", "StreetAddress":"2494 Steele Street", "City":"Aurora", "State":"IL", "ZipCode":"60505", "Country":"US", "EmailAddress":"DarnellDJones@armyspy.com", "TelephoneNumber":"630-692-9153", "TelephoneCountryCode":"1", "Birthday":"1/25/37", "NationalID":"324-01-2843", "BaseSalary":"69771", "Bonus":"6977", "Department":"R&D", "Status":"Active - Regular Exempt (Full-time)", "ManagerGUID":"695fdc37-42f1-4c19-9ba1-c4fe87454041", "point":{"lat":41.762299, "long":-88.219763}, "HiredDate":"2015-12-08"}