{"GUID":"bfe8fd9a-944d-4617-8a2b-7ffb807f3d02", "Gender":"male", "Title":"Mr.", "GivenName":"Oswaldo", "MiddleInitial":"A", "Surname":"Kirschner", "StreetAddress":"2783 Emeral Dreams Drive", "City":"Earlville", "State":"IL", "ZipCode":"60518", "Country":"US", "EmailAddress":"OswaldoAKirschner@rhyta.com", "TelephoneNumber":"815-246-3274", "TelephoneCountryCode":"1", "Birthday":"12/7/93", "NationalID":"335-60-8593", "BaseSalary":"76050", "Bonus":"7605", "Department":"Marketing", "Status":"Active - Regular Exempt (Full-time)", "ManagerGUID":"d0862e5d-5be6-473b-a500-3e3a852b2bb8", "point":{"lat":41.52952, "long":-89.021321}, "HiredDate":"2019-12-05"}