{"GUID":"c0313c86-7f13-4c7e-bd0f-02611a3d4566", "Gender":"female", "Title":"Mrs.", "GivenName":"Edna", "MiddleInitial":"J", "Surname":"Gorden", "StreetAddress":"1560 Morningview Lane", "City":"New York", "State":"NY", "ZipCode":"10013", "Country":"US", "EmailAddress":"EdnaJGorden@jourrapide.com", "TelephoneNumber":"646-236-9114", "TelephoneCountryCode":"1", "Birthday":"10/29/56", "NationalID":"105-09-6206", "BaseSalary":"39294", "Bonus":"3929", "Department":"Sales", "Status":"Active - Regular Exempt (Full-time)", "ManagerGUID":"07bb968f-e95e-4c40-8889-d88ba6b369d0", "point":{"lat":40.772546, "long":-74.064579}, "HiredDate":"2020-06-22"}