{"GUID":"c0526b3b-bef9-473c-bc30-5cc7c94d9c5d", "Gender":"male", "Title":"Mr.", "GivenName":"Leo", "MiddleInitial":"D", "Surname":"Grimm", "StreetAddress":"4271 Ash Street", "City":"Dallas", "State":"TX", "ZipCode":"75240", "Country":"US", "EmailAddress":"LeoDGrimm@armyspy.com", "TelephoneNumber":"972-858-8494", "TelephoneCountryCode":"1", "Birthday":"8/1/90", "NationalID":"459-85-0821", "BaseSalary":"33482", "Bonus":"3348", "Department":"Sales", "Status":"Active - Regular Exempt (Full-time)", "ManagerGUID":"07bb968f-e95e-4c40-8889-d88ba6b369d0", "point":{"lat":33.011874, "long":-96.818624}, "HiredDate":"2017-01-25"}