{"GUID":"c0942c3f-daf9-418c-b5fc-1e66ea5c2ec2", "Gender":"male", "Title":"Dr.", "GivenName":"Thomas", "MiddleInitial":"E", "Surname":"Lynch", "StreetAddress":"1197 Arrowood Drive", "City":"Jacksonville", "State":"FL", "ZipCode":"32216", "Country":"US", "EmailAddress":"ThomasELynch@dayrep.com", "TelephoneNumber":"904-435-0381", "TelephoneCountryCode":"1", "Birthday":"1/11/50", "NationalID":"263-19-2989", "BaseSalary":"65000", "Bonus":"6500", "Department":"R&D", "Status":"Active - Regular Exempt (Full-time)", "ManagerGUID":"695fdc37-42f1-4c19-9ba1-c4fe87454041", "point":{"lat":30.328949, "long":-81.591339}, "HiredDate":"2012-08-03"}