{"GUID":"c0af14f9-f79a-4043-8cfc-462174e5d3b8", "Gender":"male", "Title":"Mr.", "GivenName":"Gerald", "MiddleInitial":"T", "Surname":"Ludlow", "StreetAddress":"4485 Cabell Avenue", "City":"Arlington", "State":"VA", "ZipCode":"22201", "Country":"US", "EmailAddress":"GeraldTLudlow@teleworm.us", "TelephoneNumber":"703-522-1015", "TelephoneCountryCode":"1", "Birthday":"5/3/55", "NationalID":"698-03-9398", "BaseSalary":"68386", "Bonus":"6839", "Department":"R&D", "Status":"Active - Regular Exempt (Full-time)", "ManagerGUID":"695fdc37-42f1-4c19-9ba1-c4fe87454041", "point":{"lat":38.910505, "long":-77.1387}, "HiredDate":"2012-10-26"}