{"GUID":"c0bcf2c6-2f00-4374-b6b1-6bd69c45aad8", "Gender":"female", "Title":"Ms.", "GivenName":"Peggy", "MiddleInitial":"R", "Surname":"Nichols", "StreetAddress":"3526 Essex Court", "City":"Montpelier", "State":"VT", "ZipCode":"5602", "Country":"US", "EmailAddress":"PeggyRNichols@jourrapide.com", "TelephoneNumber":"802-371-1453", "TelephoneCountryCode":"1", "Birthday":"6/24/69", "NationalID":"009-70-5776", "BaseSalary":"56171", "Bonus":"5617", "Department":"R&D", "Status":"Active - Regular Exempt (Full-time)", "ManagerGUID":"695fdc37-42f1-4c19-9ba1-c4fe87454041", "point":{"lat":44.368603, "long":-72.664133}, "HiredDate":"2014-08-09"}