{"GUID":"c1d08bef-aa50-4d6d-93f4-df4b99fcef0b", "Gender":"male", "Title":"Mr.", "GivenName":"Jim", "MiddleInitial":"L", "Surname":"Peterson", "StreetAddress":"2468 Shobe Lane", "City":"Fort Collins", "State":"CO", "ZipCode":"80524", "Country":"US", "EmailAddress":"JimLPeterson@cuvox.de", "TelephoneNumber":"970-482-0289", "TelephoneCountryCode":"1", "Birthday":"12/30/86", "NationalID":"652-28-6315", "BaseSalary":"58397", "Bonus":"5840", "Department":"Engineering", "Status":"Active - Regular Exempt (Full-time)", "ManagerGUID":"3ad0ffbc-3ade-4897-902b-718417a721f5", "point":{"lat":40.576518, "long":-104.871362}, "HiredDate":"2012-07-14"}