{"GUID":"c1ef162c-47a7-4ffd-871e-563067ac136b", "Gender":"male", "Title":"Mr.", "GivenName":"Michael", "MiddleInitial":"G", "Surname":"Gilbert", "StreetAddress":"2808 Marion Street", "City":"North Augusta", "State":"SC", "ZipCode":"29841", "Country":"US", "EmailAddress":"MichaelGGilbert@rhyta.com", "TelephoneNumber":"803-202-7631", "TelephoneCountryCode":"1", "Birthday":"11/13/62", "NationalID":"655-07-1755", "BaseSalary":"15610", "Bonus":"1561", "Department":"Marketing", "Status":"Active - Regular Exempt (Full-time)", "ManagerGUID":"d0862e5d-5be6-473b-a500-3e3a852b2bb8", "point":{"lat":33.449542, "long":-81.94965}, "HiredDate":"2019-06-27"}