{"GUID":"c21ee46a-449a-4af9-89a5-d58062a55ac0", "Gender":"male", "Title":"Mr.", "GivenName":"Eugene", "MiddleInitial":"B", "Surname":"Barrow", "StreetAddress":"4546 Meadow Lane", "City":"San Jose", "State":"CA", "ZipCode":"95113", "Country":"US", "EmailAddress":"EugeneBBarrow@armyspy.com", "TelephoneNumber":"707-271-9638", "TelephoneCountryCode":"1", "Birthday":"10/20/95", "NationalID":"558-67-7036", "BaseSalary":"98700", "Bonus":"9870", "Department":"R&D", "Status":"Active - Regular Exempt (Full-time)", "ManagerGUID":"695fdc37-42f1-4c19-9ba1-c4fe87454041", "point":{"lat":37.24205, "long":-121.980071}, "HiredDate":"2013-10-11"}