{"GUID":"c247a002-22e6-4a1b-b191-bb777f10b9cf", "Gender":"male", "Title":"Mr.", "GivenName":"William", "MiddleInitial":"H", "Surname":"Montez", "StreetAddress":"2 Highland View Drive", "City":"Sacramento", "State":"CA", "ZipCode":"95814", "Country":"US", "EmailAddress":"WilliamHMontez@rhyta.com", "TelephoneNumber":"916-618-2054", "TelephoneCountryCode":"1", "Birthday":"6/11/92", "NationalID":"608-66-4172", "BaseSalary":"93199", "Bonus":"9320", "Department":"Marketing", "Status":"Active - Regular Exempt (Full-time)", "ManagerGUID":"d0862e5d-5be6-473b-a500-3e3a852b2bb8", "point":{"lat":38.577789, "long":-121.443242}, "HiredDate":"2018-08-18"}