{"GUID":"c2d6fce9-8431-4e47-a483-4dbe41b92afa", "Gender":"male", "Title":"Mr.", "GivenName":"Charles", "MiddleInitial":"C", "Surname":"Townson", "StreetAddress":"2985 Circle Drive", "City":"Houston", "State":"TX", "ZipCode":"77032", "Country":"US", "EmailAddress":"CharlesCTownson@superrito.com", "TelephoneNumber":"832-452-0318", "TelephoneCountryCode":"1", "Birthday":"2/13/85", "NationalID":"643-32-0716", "BaseSalary":"83220", "Bonus":"8322", "Department":"R&D", "Status":"Active - Regular Exempt (Full-time)", "ManagerGUID":"695fdc37-42f1-4c19-9ba1-c4fe87454041", "point":{"lat":29.951394, "long":-95.325855}, "HiredDate":"2016-05-10"}