{"GUID":"c407c5ac-1527-4eb8-b8e5-bef0cfeb1b12", "Gender":"female", "Title":"Ms.", "GivenName":"Helen", "MiddleInitial":"J", "Surname":"Fuller", "StreetAddress":"3858 Flanigan Oaks Drive", "City":"Silver Spring", "State":"MD", "ZipCode":"20904", "Country":"US", "EmailAddress":"HelenJFuller@gustr.com", "TelephoneNumber":"301-399-0380", "TelephoneCountryCode":"1", "Birthday":"5/17/97", "NationalID":"216-75-4148", "BaseSalary":"71658", "Bonus":"7166", "Department":"Sales", "Status":"Active - Regular Exempt (Full-time)", "ManagerGUID":"07bb968f-e95e-4c40-8889-d88ba6b369d0", "point":{"lat":39.143024, "long":-77.01247}, "HiredDate":"2015-10-12"}