{"GUID":"c4246a56-7318-4569-b0a7-431d2116909e", "Gender":"male", "Title":"Mr.", "GivenName":"Eddie", "MiddleInitial":"E", "Surname":"Luciani", "StreetAddress":"373 Hill Haven Drive", "City":"Waco", "State":"TX", "ZipCode":"76706", "Country":"US", "EmailAddress":"EddieELuciani@armyspy.com", "TelephoneNumber":"254-224-6230", "TelephoneCountryCode":"1", "Birthday":"10/9/39", "NationalID":"645-24-5023", "BaseSalary":"82048", "Bonus":"8205", "Department":"R&D", "Status":"Active - Regular Exempt (Full-time)", "ManagerGUID":"695fdc37-42f1-4c19-9ba1-c4fe87454041", "point":{"lat":31.444818, "long":-97.078141}, "HiredDate":"2012-06-08"}