{"GUID":"c4ecc885-ccfa-46f2-9b21-a1af935904ad", "Gender":"male", "Title":"Mr.", "GivenName":"David", "MiddleInitial":"M", "Surname":"Hart", "StreetAddress":"2826 Goldcliff Circle", "City":"Washington", "State":"DC", "ZipCode":"20005", "Country":"US", "EmailAddress":"DavidMHart@gustr.com", "TelephoneNumber":"202-626-5522", "TelephoneCountryCode":"1", "Birthday":"5/31/98", "NationalID":"577-68-0948", "BaseSalary":"72022", "Bonus":"7202", "Department":"Sales", "Status":"Active - Regular Exempt (Full-time)", "ManagerGUID":"07bb968f-e95e-4c40-8889-d88ba6b369d0", "point":{"lat":38.848198, "long":-76.988236}, "HiredDate":"2017-10-19"}