{"GUID":"c5697905-c94f-495d-8ecb-506eec2a7b20", "Gender":"male", "Title":"Mr.", "GivenName":"Roger", "MiddleInitial":"M", "Surname":"James", "StreetAddress":"3205 Flynn Street", "City":"Garfield Heights", "State":"OH", "ZipCode":"44128", "Country":"US", "EmailAddress":"RogerMJames@teleworm.us", "TelephoneNumber":"440-854-0527", "TelephoneCountryCode":"1", "Birthday":"5/6/84", "NationalID":"296-66-4876", "BaseSalary":"81696", "Bonus":"8170", "Department":"Marketing", "Status":"Active - Regular Exempt (Full-time)", "ManagerGUID":"d0862e5d-5be6-473b-a500-3e3a852b2bb8", "point":{"lat":41.458971, "long":-81.562246}, "HiredDate":"2014-01-19"}