{"GUID":"c5ebe831-31c8-49a6-8c41-fc9aba5d921b", "Gender":"male", "Title":"Mr.", "GivenName":"Mark", "MiddleInitial":"L", "Surname":"Russell", "StreetAddress":"4092 Geneva Street", "City":"New York", "State":"NY", "ZipCode":"10013", "Country":"US", "EmailAddress":"MarkLRussell@gustr.com", "TelephoneNumber":"917-476-1635", "TelephoneCountryCode":"1", "Birthday":"6/1/90", "NationalID":"132-72-7172", "BaseSalary":"80080", "Bonus":"8008", "Department":"R&D", "Status":"Active - Regular Exempt (Full-time)", "ManagerGUID":"695fdc37-42f1-4c19-9ba1-c4fe87454041", "point":{"lat":40.802949, "long":-74.067668}, "HiredDate":"2022-03-22"}