{"GUID":"c61b16de-1a59-4854-8a91-1592008a2e1a", "Gender":"female", "Title":"Ms.", "GivenName":"Jennifer", "MiddleInitial":"J", "Surname":"Garrett", "StreetAddress":"4671 Burnside Court", "City":"Phoenix", "State":"AZ", "ZipCode":"85034", "Country":"US", "EmailAddress":"JenniferJGarrett@cuvox.de", "TelephoneNumber":"602-359-8263", "TelephoneCountryCode":"1", "Birthday":"9/8/41", "NationalID":"765-10-3970", "BaseSalary":"83770", "Bonus":"8377", "Department":"R&D", "Status":"Active - Regular Exempt (Full-time)", "ManagerGUID":"695fdc37-42f1-4c19-9ba1-c4fe87454041", "point":{"lat":33.480524, "long":-111.916551}, "HiredDate":"2014-06-28"}