{"GUID":"c6324f97-6daf-4b9b-b102-44507c5bf137", "Gender":"female", "Title":"Mrs.", "GivenName":"Shannon", "MiddleInitial":"J", "Surname":"Garcia", "StreetAddress":"4342 Rhode Island Avenue", "City":"Adelphi", "State":"DC", "ZipCode":"20783", "Country":"US", "EmailAddress":"ShannonJGarcia@rhyta.com", "TelephoneNumber":"202-365-7193", "TelephoneCountryCode":"1", "Birthday":"9/10/38", "NationalID":"579-03-3080", "BaseSalary":"94371", "Bonus":"9437", "Department":"R&D", "Status":"Active - Regular Exempt (Full-time)", "ManagerGUID":"695fdc37-42f1-4c19-9ba1-c4fe87454041", "point":{"lat":38.954096, "long":-77.026081}, "HiredDate":"2022-07-09"}