{"GUID":"c69543ea-1a4b-4bc8-9e55-f08647ecffa8", "Gender":"female", "Title":"Mrs.", "GivenName":"Tracy", "MiddleInitial":"D", "Surname":"Leduc", "StreetAddress":"1637 Ritter Avenue", "City":"Warren", "State":"MI", "ZipCode":"48092", "Country":"US", "EmailAddress":"TracyDLeduc@superrito.com", "TelephoneNumber":"586-582-6697", "TelephoneCountryCode":"1", "Birthday":"11/17/71", "NationalID":"374-04-1061", "BaseSalary":"73138", "Bonus":"7314", "Department":"R&D", "Status":"Active - Regular Exempt (Full-time)", "ManagerGUID":"695fdc37-42f1-4c19-9ba1-c4fe87454041", "point":{"lat":42.443662, "long":-83.131074}, "HiredDate":"2012-12-29"}