{"GUID":"c6b6ee31-5f49-4909-a1a1-62b4986d5a0e", "Gender":"female", "Title":"Dr.", "GivenName":"Kathleen", "MiddleInitial":"J", "Surname":"Oliver", "StreetAddress":"4138 Stoney Lane", "City":"Richardson", "State":"TX", "ZipCode":"75081", "Country":"US", "EmailAddress":"KathleenJOliver@cuvox.de", "TelephoneNumber":"972-963-0691", "TelephoneCountryCode":"1", "Birthday":"8/13/35", "NationalID":"631-86-1647", "BaseSalary":"67902", "Bonus":"6790", "Department":"R&D", "Status":"Active - Regular Exempt (Full-time)", "ManagerGUID":"695fdc37-42f1-4c19-9ba1-c4fe87454041", "point":{"lat":32.946851, "long":-96.784053}, "HiredDate":"2013-02-28"}