{"GUID":"c6ca2cf3-8292-44f4-9b60-dafa9e77a4ce", "Gender":"male", "Title":"Mr.", "GivenName":"Osvaldo", "MiddleInitial":"N", "Surname":"Lowery", "StreetAddress":"1384 Cecil Street", "City":"Chicago", "State":"IL", "ZipCode":"60610", "Country":"US", "EmailAddress":"OsvaldoNLowery@teleworm.us", "TelephoneNumber":"312-222-6811", "TelephoneCountryCode":"1", "Birthday":"2/23/91", "NationalID":"330-96-9343", "BaseSalary":"97483", "Bonus":"9748", "Department":"R&D", "Status":"Active - Regular Exempt (Full-time)", "ManagerGUID":"695fdc37-42f1-4c19-9ba1-c4fe87454041", "point":{"lat":41.993288, "long":-87.625536}, "HiredDate":"2012-01-18"}