{"GUID":"c70a7e3f-9a8d-49af-a263-6d33e9bb1c83", "Gender":"female", "Title":"Mrs.", "GivenName":"Carol", "MiddleInitial":"J", "Surname":"Hubbard", "StreetAddress":"196 Selah Way", "City":"White River Junction", "State":"VT", "ZipCode":"5001", "Country":"US", "EmailAddress":"CarolJHubbard@einrot.com", "TelephoneNumber":"802-662-7784", "TelephoneCountryCode":"1", "Birthday":"9/28/86", "NationalID":"008-46-3555", "BaseSalary":"49930", "Bonus":"4993", "Department":"Sales", "Status":"Active - Regular Exempt (Full-time)", "ManagerGUID":"07bb968f-e95e-4c40-8889-d88ba6b369d0", "point":{"lat":43.606467, "long":-72.490167}, "HiredDate":"2014-12-07"}