{"GUID":"c71740a5-21a1-494e-814c-d17e8f3a4bf0", "Gender":"male", "Title":"Mr.", "GivenName":"Bernard", "MiddleInitial":"M", "Surname":"Charles", "StreetAddress":"1167 Woodland Avenue", "City":"New Orleans", "State":"LA", "ZipCode":"70112", "Country":"US", "EmailAddress":"BernardMCharles@armyspy.com", "TelephoneNumber":"985-714-8087", "TelephoneCountryCode":"1", "Birthday":"1/3/80", "NationalID":"433-32-6035", "BaseSalary":"78611", "Bonus":"7861", "Department":"R&D", "Status":"Active - Regular Exempt (Full-time)", "ManagerGUID":"695fdc37-42f1-4c19-9ba1-c4fe87454041", "point":{"lat":29.963272, "long":-90.078209}, "HiredDate":"2013-07-04"}