{"GUID":"c7330aa9-65bf-443b-b224-e4d1292ad005", "Gender":"male", "Title":"Mr.", "GivenName":"Allen", "MiddleInitial":"A", "Surname":"Patterson", "StreetAddress":"4792 Tator Patch Road", "City":"Chicago", "State":"IL", "ZipCode":"60606", "Country":"US", "EmailAddress":"AllenAPatterson@gustr.com", "TelephoneNumber":"312-855-0211", "TelephoneCountryCode":"1", "Birthday":"1/17/94", "NationalID":"318-30-3294", "BaseSalary":"56538", "Bonus":"5654", "Department":"Marketing", "Status":"Active - Regular Exempt (Full-time)", "ManagerGUID":"d0862e5d-5be6-473b-a500-3e3a852b2bb8", "point":{"lat":41.787725, "long":-87.680095}, "HiredDate":"2015-05-10"}