{"GUID":"c74e3108-02d3-4fc5-89fd-363a12bd899f", "Gender":"female", "Title":"Ms.", "GivenName":"Nancy", "MiddleInitial":"J", "Surname":"Manning", "StreetAddress":"3045 Boundary Street", "City":"Jacksonville", "State":"FL", "ZipCode":"32218", "Country":"US", "EmailAddress":"NancyJManning@fleckens.hu", "TelephoneNumber":"904-714-4192", "TelephoneCountryCode":"1", "Birthday":"1/22/51", "NationalID":"767-50-0432", "BaseSalary":"30774", "Bonus":"3077", "Department":"R&D", "Status":"Active - Regular Exempt (Full-time)", "ManagerGUID":"695fdc37-42f1-4c19-9ba1-c4fe87454041", "point":{"lat":30.466085, "long":-81.684563}, "HiredDate":"2013-05-29"}