{"GUID":"c8b2a72e-ef2e-49c4-9ff0-22ddf68d82e9", "Gender":"male", "Title":"Mr.", "GivenName":"Carl", "MiddleInitial":"C", "Surname":"Wolff", "StreetAddress":"2664 Turkey Pen Road", "City":"New York", "State":"NY", "ZipCode":"10016", "Country":"US", "EmailAddress":"CarlCWolff@armyspy.com", "TelephoneNumber":"917-281-3044", "TelephoneCountryCode":"1", "Birthday":"9/12/79", "NationalID":"092-82-6048", "BaseSalary":"79482", "Bonus":"7948", "Department":"R&D", "Status":"Active - Regular Exempt (Full-time)", "ManagerGUID":"695fdc37-42f1-4c19-9ba1-c4fe87454041", "point":{"lat":40.773699, "long":-74.01154}, "HiredDate":"2020-09-27"}