{"GUID":"ca72ab97-bc1b-465c-ab9c-a8e182899b25", "Gender":"female", "Title":"Mrs.", "GivenName":"Lisa", "MiddleInitial":"W", "Surname":"Parker", "StreetAddress":"4596 Vesta Drive", "City":"Bridgeview", "State":"IL", "ZipCode":"60455", "Country":"US", "EmailAddress":"LisaWParker@armyspy.com", "TelephoneNumber":"773-746-0196", "TelephoneCountryCode":"1", "Birthday":"7/24/95", "NationalID":"354-32-0246", "BaseSalary":"51706", "Bonus":"5171", "Department":"Sales", "Status":"Active - Regular Exempt (Full-time)", "ManagerGUID":"07bb968f-e95e-4c40-8889-d88ba6b369d0", "point":{"lat":41.739783, "long":-87.850527}, "HiredDate":"2012-06-24"}