{"GUID":"ca97908c-2e2a-48c4-b2c9-ec5b09380056", "Gender":"female", "Title":"Mrs.", "GivenName":"Pilar", "MiddleInitial":"R", "Surname":"Taylor", "StreetAddress":"3664 Walnut Hill Drive", "City":"Sharonville", "State":"OH", "ZipCode":"45241", "Country":"US", "EmailAddress":"PilarRTaylor@dayrep.com", "TelephoneNumber":"513-258-1464", "TelephoneCountryCode":"1", "Birthday":"6/25/96", "NationalID":"287-64-0749", "BaseSalary":"54506", "Bonus":"5451", "Department":"Sales", "Status":"Active - Regular Exempt (Full-time)", "ManagerGUID":"07bb968f-e95e-4c40-8889-d88ba6b369d0", "point":{"lat":39.176486, "long":-84.428685}, "HiredDate":"2015-12-16"}