{"GUID":"cad63c3b-349b-4fa4-b754-4cfdc2cb6abc", "Gender":"female", "Title":"Mrs.", "GivenName":"Janet", "MiddleInitial":"C", "Surname":"Love", "StreetAddress":"326 Pine Tree Lane", "City":"Frederick", "State":"MD", "ZipCode":"21701", "Country":"US", "EmailAddress":"JanetCLove@rhyta.com", "TelephoneNumber":"240-490-4355", "TelephoneCountryCode":"1", "Birthday":"12/5/76", "NationalID":"220-51-3155", "BaseSalary":"43804", "Bonus":"4380", "Department":"R&D", "Status":"Active - Regular Exempt (Full-time)", "ManagerGUID":"695fdc37-42f1-4c19-9ba1-c4fe87454041", "point":{"lat":39.453747, "long":-77.220345}, "HiredDate":"2020-03-01"}