{"GUID":"cb31aeaa-e708-4034-a77c-ceead02ca644", "Gender":"female", "Title":"Mrs.", "GivenName":"Elaine", "MiddleInitial":"D", "Surname":"Perrone", "StreetAddress":"1223 Frederick Street", "City":"Sacramento", "State":"CA", "ZipCode":"94260", "Country":"US", "EmailAddress":"ElaineDPerrone@teleworm.us", "TelephoneNumber":"916-230-4803", "TelephoneCountryCode":"1", "Birthday":"4/1/44", "NationalID":"626-03-3604", "BaseSalary":"44042", "Bonus":"4404", "Department":"Engineering", "Status":"Active - Regular Exempt (Full-time)", "ManagerGUID":"3ad0ffbc-3ade-4897-902b-718417a721f5", "point":{"lat":38.574274, "long":-121.374583}, "HiredDate":"2018-09-12"}