{"GUID":"cb3fec1a-1f81-40b3-a1e2-4b70eda0e5c6", "Gender":"male", "Title":"Mr.", "GivenName":"Richard", "MiddleInitial":"M", "Surname":"Neely", "StreetAddress":"133 Kenwood Place", "City":"Pompano Beach", "State":"FL", "ZipCode":"33064", "Country":"US", "EmailAddress":"RichardMNeely@jourrapide.com", "TelephoneNumber":"954-605-5354", "TelephoneCountryCode":"1", "Birthday":"12/12/63", "NationalID":"265-94-0728", "BaseSalary":"75817", "Bonus":"7582", "Department":"Marketing", "Status":"Active - Regular Exempt (Full-time)", "ManagerGUID":"d0862e5d-5be6-473b-a500-3e3a852b2bb8", "point":{"lat":26.307347, "long":-80.113656}, "HiredDate":"2013-09-05"}