{"GUID":"cbbe56b6-cf40-4efe-a500-bc5b2ae3dd85", "Gender":"male", "Title":"Mr.", "GivenName":"Denver", "MiddleInitial":"R", "Surname":"Porter", "StreetAddress":"1364 Bombardier Way", "City":"Plymouth", "State":"MI", "ZipCode":"48170", "Country":"US", "EmailAddress":"DenverRPorter@jourrapide.com", "TelephoneNumber":"734-927-0357", "TelephoneCountryCode":"1", "Birthday":"11/22/59", "NationalID":"379-60-7310", "BaseSalary":"92314", "Bonus":"9231", "Department":"Engineering", "Status":"Active - Regular Exempt (Full-time)", "ManagerGUID":"3ad0ffbc-3ade-4897-902b-718417a721f5", "point":{"lat":42.41377, "long":-83.490093}, "HiredDate":"2022-10-04"}