{"GUID":"cc0d4632-f01d-4f24-b71e-3d5938ab2028", "Gender":"female", "Title":"Ms.", "GivenName":"Brenda", "MiddleInitial":"W", "Surname":"Miller", "StreetAddress":"3709 State Street", "City":"Saint Louis", "State":"MO", "ZipCode":"63146", "Country":"US", "EmailAddress":"BrendaWMiller@cuvox.de", "TelephoneNumber":"314-234-6029", "TelephoneCountryCode":"1", "Birthday":"3/17/92", "NationalID":"500-42-5295", "BaseSalary":"75101", "Bonus":"7510", "Department":"Marketing", "Status":"Active - Regular Exempt (Full-time)", "ManagerGUID":"d0862e5d-5be6-473b-a500-3e3a852b2bb8", "point":{"lat":38.690954, "long":-90.569773}, "HiredDate":"2022-01-16"}