{"GUID":"cc8cdef1-3f32-40c0-bb7d-68a51ab6f826", "Gender":"male", "Title":"Mr.", "GivenName":"Timothy", "MiddleInitial":"J", "Surname":"Rodriguez", "StreetAddress":"1243 Stockert Hollow Road", "City":"Seattle", "State":"WA", "ZipCode":"98109", "Country":"US", "EmailAddress":"TimothyJRodriguez@fleckens.hu", "TelephoneNumber":"425-954-3145", "TelephoneCountryCode":"1", "Birthday":"12/28/82", "NationalID":"531-23-0482", "BaseSalary":"47037", "Bonus":"4704", "Department":"Engineering", "Status":"Active - Regular Exempt (Full-time)", "ManagerGUID":"3ad0ffbc-3ade-4897-902b-718417a721f5", "point":{"lat":47.596762, "long":-122.294081}, "HiredDate":"2014-03-25"}