{"GUID":"cc9daffd-a362-40f8-b7d5-92be5066278a", "Gender":"female", "Title":"Mrs.", "GivenName":"Doris", "MiddleInitial":"C", "Surname":"Evans", "StreetAddress":"2933 Clay Street", "City":"Indianapolis", "State":"IN", "ZipCode":"46268", "Country":"US", "EmailAddress":"DorisCEvans@superrito.com", "TelephoneNumber":"317-457-9578", "TelephoneCountryCode":"1", "Birthday":"9/13/65", "NationalID":"317-23-5893", "BaseSalary":"99454", "Bonus":"9945", "Department":"Training", "Status":"Active - Regular Exempt (Full-time)", "ManagerGUID":"0004880b-4826-4706-89e8-ba17f415a669", "point":{"lat":39.94342, "long":-86.144843}, "HiredDate":"2015-04-22"}