{"GUID":"cca431c2-1c32-4442-a4e4-4d25987fefb2", "Gender":"male", "Title":"Mr.", "GivenName":"Allan", "MiddleInitial":"E", "Surname":"Cash", "StreetAddress":"2937 Whitman Court", "City":"Hartford", "State":"CT", "ZipCode":"6103", "Country":"US", "EmailAddress":"AllanECash@armyspy.com", "TelephoneNumber":"203-643-4362", "TelephoneCountryCode":"1", "Birthday":"2/26/62", "NationalID":"047-20-3798", "BaseSalary":"79701", "Bonus":"7970", "Department":"R&D", "Status":"Active - Regular Exempt (Full-time)", "ManagerGUID":"695fdc37-42f1-4c19-9ba1-c4fe87454041", "point":{"lat":41.793054, "long":-72.73882}, "HiredDate":"2014-06-13"}