{"GUID":"ccd31975-6e6c-4d17-8be6-c81f5f36f407", "Gender":"male", "Title":"Mr.", "GivenName":"Francis", "MiddleInitial":"M", "Surname":"Stevens", "StreetAddress":"885 Raver Croft Drive", "City":"Chattanooga", "State":"TN", "ZipCode":"37403", "Country":"US", "EmailAddress":"FrancisMStevens@dayrep.com", "TelephoneNumber":"423-702-7575", "TelephoneCountryCode":"1", "Birthday":"7/15/46", "NationalID":"415-36-2023", "BaseSalary":"87086", "Bonus":"8709", "Department":"Sales", "Status":"Active - Regular Exempt (Full-time)", "ManagerGUID":"07bb968f-e95e-4c40-8889-d88ba6b369d0", "point":{"lat":35.096679, "long":-85.233295}, "HiredDate":"2018-08-24"}