{"GUID":"cda7b593-4f95-4405-bcd1-e660ee20498b", "Gender":"female", "Title":"Mrs.", "GivenName":"Beverly", "MiddleInitial":"P", "Surname":"Schott", "StreetAddress":"3174 Birch  Street", "City":"El Paso", "State":"TX", "ZipCode":"79922", "Country":"US", "EmailAddress":"BeverlyPSchott@superrito.com", "TelephoneNumber":"915-588-1681", "TelephoneCountryCode":"1", "Birthday":"11/6/84", "NationalID":"457-55-4644", "BaseSalary":"63719", "Bonus":"6372", "Department":"R&D", "Status":"Active - Regular Exempt (Full-time)", "ManagerGUID":"695fdc37-42f1-4c19-9ba1-c4fe87454041", "point":{"lat":31.763484, "long":-106.59585}, "HiredDate":"2022-10-30"}