{"GUID":"ce085d08-66c0-40a6-8b5f-a399bd7e2398", "Gender":"male", "Title":"Mr.", "GivenName":"Pablo", "MiddleInitial":"L", "Surname":"Martin", "StreetAddress":"197 Tenmile Road", "City":"Cambridge", "State":"MA", "ZipCode":"2142", "Country":"US", "EmailAddress":"PabloLMartin@cuvox.de", "TelephoneNumber":"781-734-2544", "TelephoneCountryCode":"1", "Birthday":"1/10/73", "NationalID":"020-82-9039", "BaseSalary":"76860", "Bonus":"7686", "Department":"R&D", "Status":"Active - Regular Exempt (Full-time)", "ManagerGUID":"695fdc37-42f1-4c19-9ba1-c4fe87454041", "point":{"lat":42.410409, "long":-70.987233}, "HiredDate":"2015-02-20"}