{"GUID":"ce5911d6-c8a3-4fb3-b546-b90ab238ce4d", "Gender":"female", "Title":"Ms.", "GivenName":"Pamela", "MiddleInitial":"J", "Surname":"King", "StreetAddress":"591 Black Stallion Road", "City":"Cincinnati", "State":"KY", "ZipCode":"45214", "Country":"US", "EmailAddress":"PamelaJKing@superrito.com", "TelephoneNumber":"859-462-1283", "TelephoneCountryCode":"1", "Birthday":"8/31/90", "NationalID":"405-59-8547", "BaseSalary":"74327", "Bonus":"7433", "Department":"R&D", "Status":"Active - Regular Exempt (Full-time)", "ManagerGUID":"695fdc37-42f1-4c19-9ba1-c4fe87454041", "point":{"lat":39.125711, "long":-84.497009}, "HiredDate":"2022-06-10"}