{"GUID":"ce944fb9-a682-499c-a7ab-41ce5b5d0dd0", "Gender":"male", "Title":"Mr.", "GivenName":"Brent", "MiddleInitial":"S", "Surname":"Bailey", "StreetAddress":"4791 Rose Street", "City":"Schaumburg", "State":"IL", "ZipCode":"60173", "Country":"US", "EmailAddress":"BrentSBailey@jourrapide.com", "TelephoneNumber":"708-284-0488", "TelephoneCountryCode":"1", "Birthday":"6/19/58", "NationalID":"331-20-3418", "BaseSalary":"75554", "Bonus":"7555", "Department":"R&D", "Status":"Active - Regular Exempt (Full-time)", "ManagerGUID":"695fdc37-42f1-4c19-9ba1-c4fe87454041", "point":{"lat":42.140425, "long":-88.041043}, "HiredDate":"2013-10-13"}