{"GUID":"d0afeb12-4cbd-4da4-af60-a1706a41a1c8", "Gender":"female", "Title":"Mrs.", "GivenName":"Freida", "MiddleInitial":"J", "Surname":"Robbins", "StreetAddress":"145 Pursglove Court", "City":"Dayton", "State":"OH", "ZipCode":"45417", "Country":"US", "EmailAddress":"FreidaJRobbins@teleworm.us", "TelephoneNumber":"937-268-3093", "TelephoneCountryCode":"1", "Birthday":"11/22/55", "NationalID":"299-50-8970", "BaseSalary":"25246", "Bonus":"2525", "Department":"Engineering", "Status":"Active - Regular Exempt (Full-time)", "ManagerGUID":"3ad0ffbc-3ade-4897-902b-718417a721f5", "point":{"lat":39.682028, "long":-84.236139}, "HiredDate":"2021-01-23"}