{"GUID":"d0b72149-46c2-4081-93b7-67fe091888b7", "Gender":"male", "Title":"Mr.", "GivenName":"Gary", "MiddleInitial":"E", "Surname":"Cooper", "StreetAddress":"4948 Hillside Street", "City":"Phoenix", "State":"AZ", "ZipCode":"85003", "Country":"US", "EmailAddress":"GaryECooper@jourrapide.com", "TelephoneNumber":"480-459-5205", "TelephoneCountryCode":"1", "Birthday":"7/22/37", "NationalID":"764-07-5054", "BaseSalary":"78458", "Bonus":"7846", "Department":"Sales", "Status":"Active - Regular Exempt (Full-time)", "ManagerGUID":"07bb968f-e95e-4c40-8889-d88ba6b369d0", "point":{"lat":33.513289, "long":-112.050546}, "HiredDate":"2017-06-19"}