{"GUID":"d1ef3dd2-0261-4828-a26c-451ba2f81576", "Gender":"female", "Title":"Mrs.", "GivenName":"Jennifer", "MiddleInitial":"M", "Surname":"Thomson", "StreetAddress":"4005 O Conner Street", "City":"Pascagoula", "State":"MS", "ZipCode":"39567", "Country":"US", "EmailAddress":"JenniferMThomson@superrito.com", "TelephoneNumber":"228-994-9377", "TelephoneCountryCode":"1", "Birthday":"5/6/78", "NationalID":"427-50-1774", "BaseSalary":"74106", "Bonus":"7411", "Department":"R&D", "Status":"Active - Regular Exempt (Full-time)", "ManagerGUID":"695fdc37-42f1-4c19-9ba1-c4fe87454041", "point":{"lat":30.36243, "long":-88.532391}, "HiredDate":"2015-07-03"}