{"GUID":"d263a322-4c18-41b8-af55-6abac8b051f0", "Gender":"female", "Title":"Mrs.", "GivenName":"Alice", "MiddleInitial":"D", "Surname":"Gambrell", "StreetAddress":"576 Hickory Ridge Drive", "City":"Las Vegas", "State":"NV", "ZipCode":"89109", "Country":"US", "EmailAddress":"AliceDGambrell@fleckens.hu", "TelephoneNumber":"702-697-3941", "TelephoneCountryCode":"1", "Birthday":"7/24/33", "NationalID":"680-54-8919", "BaseSalary":"88000", "Bonus":"8800", "Department":"Engineering", "Status":"Active - Regular Exempt (Full-time)", "ManagerGUID":"3ad0ffbc-3ade-4897-902b-718417a721f5", "point":{"lat":36.122826, "long":-115.189046}, "HiredDate":"2014-06-13"}