{"GUID":"d2f24b7d-45ee-49ba-ac88-607b826cb4a4", "Gender":"male", "Title":"Mr.", "GivenName":"Alex", "MiddleInitial":"J", "Surname":"Matlock", "StreetAddress":"1610 Fancher Drive", "City":"Dallas", "State":"TX", "ZipCode":"75248", "Country":"US", "EmailAddress":"AlexJMatlock@teleworm.us", "TelephoneNumber":"214-215-1650", "TelephoneCountryCode":"1", "Birthday":"7/21/69", "NationalID":"465-58-1632", "BaseSalary":"76412", "Bonus":"7641", "Department":"Sales", "Status":"Active - Regular Exempt (Full-time)", "ManagerGUID":"07bb968f-e95e-4c40-8889-d88ba6b369d0", "point":{"lat":32.888617, "long":-96.718473}, "HiredDate":"2022-08-13"}