{"GUID":"d4582402-b44b-44db-bb92-c61dda1e509c", "Gender":"male", "Title":"Mr.", "GivenName":"Robbie", "MiddleInitial":"K", "Surname":"Faulkner", "StreetAddress":"4813 Longview Avenue", "City":"New York", "State":"NY", "ZipCode":"10004", "Country":"US", "EmailAddress":"RobbieKFaulkner@teleworm.us", "TelephoneNumber":"718-570-5676", "TelephoneCountryCode":"1", "Birthday":"9/16/39", "NationalID":"070-68-2488", "BaseSalary":"23702", "Bonus":"2370", "Department":"Engineering", "Status":"Active - Regular Exempt (Full-time)", "ManagerGUID":"3ad0ffbc-3ade-4897-902b-718417a721f5", "point":{"lat":40.715545, "long":-73.968085}, "HiredDate":"2016-11-18"}