{"GUID":"d46c7d86-bea4-448f-9cbf-db10a6998fa0", "Gender":"female", "Title":"Mrs.", "GivenName":"Angelic", "MiddleInitial":"G", "Surname":"Ash", "StreetAddress":"4389 Garfield Road", "City":"Peoria", "State":"IL", "ZipCode":"61602", "Country":"US", "EmailAddress":"AngelicGAsh@cuvox.de", "TelephoneNumber":"309-673-8581", "TelephoneCountryCode":"1", "Birthday":"2/28/55", "NationalID":"343-74-4308", "BaseSalary":"81095", "Bonus":"8110", "Department":"R&D", "Status":"Active - Regular Exempt (Full-time)", "ManagerGUID":"695fdc37-42f1-4c19-9ba1-c4fe87454041", "point":{"lat":40.643321, "long":-89.591146}, "HiredDate":"2022-04-11"}