{"GUID":"d4bb0127-bf9f-4e8e-be0a-3d27316486cb", "Gender":"male", "Title":"Mr.", "GivenName":"Joseph", "MiddleInitial":"B", "Surname":"Padula", "StreetAddress":"2057 Bombardier Way", "City":"Ann Arbor", "State":"MI", "ZipCode":"48104", "Country":"US", "EmailAddress":"JosephBPadula@jourrapide.com", "TelephoneNumber":"734-930-7778", "TelephoneCountryCode":"1", "Birthday":"5/17/80", "NationalID":"378-96-4834", "BaseSalary":"95075", "Bonus":"9508", "Department":"Sales", "Status":"Active - Regular Exempt (Full-time)", "ManagerGUID":"07bb968f-e95e-4c40-8889-d88ba6b369d0", "point":{"lat":42.220289, "long":-83.649974}, "HiredDate":"2014-04-11"}