{"GUID":"d5ef82a3-2cbb-466d-bbd0-5ec1a6d69c08", "Gender":"male", "Title":"Mr.", "GivenName":"Franklin", "MiddleInitial":"L", "Surname":"Steigerwald", "StreetAddress":"539 Lightning Point Drive", "City":"Memphis", "State":"TN", "ZipCode":"38110", "Country":"US", "EmailAddress":"FranklinLSteigerwald@einrot.com", "TelephoneNumber":"901-486-8526", "TelephoneCountryCode":"1", "Birthday":"8/28/42", "NationalID":"414-32-4459", "BaseSalary":"50326", "Bonus":"5033", "Department":"R&D", "Status":"Active - Regular Exempt (Full-time)", "ManagerGUID":"695fdc37-42f1-4c19-9ba1-c4fe87454041", "point":{"lat":35.22176, "long":-90.042862}, "HiredDate":"2014-01-22"}