{"GUID":"d7bb79b8-75a6-43c5-abff-df0b4457bb6a", "Gender":"female", "Title":"Mrs.", "GivenName":"Cynthia", "MiddleInitial":"R", "Surname":"Pappas", "StreetAddress":"1470 North Bend River Road", "City":"Allen", "State":"KY", "ZipCode":"41601", "Country":"US", "EmailAddress":"CynthiaRPappas@cuvox.de", "TelephoneNumber":"606-813-8766", "TelephoneCountryCode":"1", "Birthday":"5/14/96", "NationalID":"405-96-4300", "BaseSalary":"82435", "Bonus":"8244", "Department":"R&D", "Status":"Active - Regular Exempt (Full-time)", "ManagerGUID":"695fdc37-42f1-4c19-9ba1-c4fe87454041", "point":{"lat":37.620168, "long":-82.667449}, "HiredDate":"2012-07-26"}