{"GUID":"d7f794c3-dd79-4d3c-ad02-1f709603db24", "Gender":"female", "Title":"Ms.", "GivenName":"Janis", "MiddleInitial":"D", "Surname":"Dickens", "StreetAddress":"1390 Stewart Street", "City":"Indianapolis", "State":"IN", "ZipCode":"46204", "Country":"US", "EmailAddress":"JanisDDickens@gustr.com", "TelephoneNumber":"317-635-8434", "TelephoneCountryCode":"1", "Birthday":"6/21/60", "NationalID":"317-52-9066", "BaseSalary":"42550", "Bonus":"4255", "Department":"Sales", "Status":"Active - Regular Exempt (Full-time)", "ManagerGUID":"07bb968f-e95e-4c40-8889-d88ba6b369d0", "point":{"lat":39.687804, "long":-86.129885}, "HiredDate":"2021-04-27"}