{"GUID":"d8a8d3ef-5f32-4076-a5c0-f4b21848ce34", "Gender":"male", "Title":"Mr.", "GivenName":"George", "MiddleInitial":"S", "Surname":"Babcock", "StreetAddress":"2070 Fieldcrest Road", "City":"New York", "State":"NY", "ZipCode":"10013", "Country":"US", "EmailAddress":"GeorgeSBabcock@armyspy.com", "TelephoneNumber":"631-856-5906", "TelephoneCountryCode":"1", "Birthday":"2/17/74", "NationalID":"068-66-2469", "BaseSalary":"46850", "Bonus":"4685", "Department":"Engineering", "Status":"Active - Regular Exempt (Full-time)", "ManagerGUID":"3ad0ffbc-3ade-4897-902b-718417a721f5", "point":{"lat":40.776914, "long":-73.969795}, "HiredDate":"2015-03-16"}