{"GUID":"d8aaf59f-9af2-4e5f-b447-488b1e80fa0c", "Gender":"female", "Title":"Mrs.", "GivenName":"Jane", "MiddleInitial":"M", "Surname":"White", "StreetAddress":"3388 Cherry Ridge Drive", "City":"Mount Clemens", "State":"MI", "ZipCode":"48044", "Country":"US", "EmailAddress":"JaneMWhite@einrot.com", "TelephoneNumber":"586-228-4837", "TelephoneCountryCode":"1", "Birthday":"12/12/80", "NationalID":"380-44-7250", "BaseSalary":"83833", "Bonus":"8383", "Department":"Sales", "Status":"Active - Regular Exempt (Full-time)", "ManagerGUID":"07bb968f-e95e-4c40-8889-d88ba6b369d0", "point":{"lat":42.539337, "long":-82.901671}, "HiredDate":"2017-12-06"}