{"GUID":"d8bff538-a827-458e-91b5-4af32e36eca3", "Gender":"female", "Title":"Ms.", "GivenName":"Frances", "MiddleInitial":"J", "Surname":"Huston", "StreetAddress":"1529 Elk Avenue", "City":"Adrian", "State":"MI", "ZipCode":"49221", "Country":"US", "EmailAddress":"FrancesJHuston@rhyta.com", "TelephoneNumber":"517-417-8308", "TelephoneCountryCode":"1", "Birthday":"8/27/40", "NationalID":"372-15-1104", "BaseSalary":"94580", "Bonus":"9458", "Department":"Marketing", "Status":"Active - Regular Exempt (Full-time)", "ManagerGUID":"d0862e5d-5be6-473b-a500-3e3a852b2bb8", "point":{"lat":41.849001, "long":-84.003973}, "HiredDate":"2019-01-10"}