{"GUID":"d956fa15-aeaf-43f7-a421-95640e60fcd5", "Gender":"male", "Title":"Mr.", "GivenName":"David", "MiddleInitial":"E", "Surname":"Boone", "StreetAddress":"3869 College Street", "City":"Atlanta", "State":"GA", "ZipCode":"30329", "Country":"US", "EmailAddress":"DavidEBoone@fleckens.hu", "TelephoneNumber":"404-389-7216", "TelephoneCountryCode":"1", "Birthday":"5/12/77", "NationalID":"669-28-9941", "BaseSalary":"92930", "Bonus":"9293", "Department":"Sales", "Status":"Active - Regular Exempt (Full-time)", "ManagerGUID":"07bb968f-e95e-4c40-8889-d88ba6b369d0", "point":{"lat":33.89086, "long":-84.304936}, "HiredDate":"2017-11-15"}