{"GUID":"d9e5ee9a-fcf3-4765-87d4-3aa521cd2c3f", "Gender":"male", "Title":"Mr.", "GivenName":"Jerry", "MiddleInitial":"D", "Surname":"Lamkin", "StreetAddress":"985 Roane Avenue", "City":"Rockville", "State":"MD", "ZipCode":"20852", "Country":"US", "EmailAddress":"JerryDLamkin@gustr.com", "TelephoneNumber":"301-287-0218", "TelephoneCountryCode":"1", "Birthday":"8/24/43", "NationalID":"214-19-2551", "BaseSalary":"35340", "Bonus":"3534", "Department":"Engineering", "Status":"Active - Regular Exempt (Full-time)", "ManagerGUID":"3ad0ffbc-3ade-4897-902b-718417a721f5", "point":{"lat":39.103535, "long":-77.040553}, "HiredDate":"2021-09-08"}