{"GUID":"d9f3a3ae-8f1e-4be7-803f-b1d25388d3c3", "Gender":"male", "Title":"Mr.", "GivenName":"Philip", "MiddleInitial":"L", "Surname":"Devitt", "StreetAddress":"1341 Bruce Street", "City":"Saint Louis", "State":"MO", "ZipCode":"63108", "Country":"US", "EmailAddress":"PhilipLDevitt@teleworm.us", "TelephoneNumber":"314-289-8823", "TelephoneCountryCode":"1", "Birthday":"6/18/32", "NationalID":"489-94-7010", "BaseSalary":"57582", "Bonus":"5758", "Department":"Sales", "Status":"Active - Regular Exempt (Full-time)", "ManagerGUID":"07bb968f-e95e-4c40-8889-d88ba6b369d0", "point":{"lat":38.705888, "long":-90.190726}, "HiredDate":"2021-07-08"}