{"GUID":"d9ff668b-af12-43f5-8195-20b22ac685d2", "Gender":"male", "Title":"Mr.", "GivenName":"Paul", "MiddleInitial":"A", "Surname":"Cambell", "StreetAddress":"1189 Rowes Lane", "City":"Paducah", "State":"KY", "ZipCode":"42001", "Country":"US", "EmailAddress":"PaulACambell@gustr.com", "TelephoneNumber":"270-587-6240", "TelephoneCountryCode":"1", "Birthday":"5/4/33", "NationalID":"403-15-4143", "BaseSalary":"55741", "Bonus":"5574", "Department":"Training", "Status":"Active - Regular Exempt (Full-time)", "ManagerGUID":"0004880b-4826-4706-89e8-ba17f415a669", "point":{"lat":36.964698, "long":-88.758513}, "HiredDate":"2015-05-12"}