{"GUID":"da5b3718-e0c3-4c1f-8883-4fb2d146bae3", "Gender":"male", "Title":"Mr.", "GivenName":"Tyler", "MiddleInitial":"S", "Surname":"O'Donnell", "StreetAddress":"3180 Laurel Lane", "City":"Valentine", "State":"TX", "ZipCode":"79854", "Country":"US", "EmailAddress":"TylerSODonnell@armyspy.com", "TelephoneNumber":"432-467-4077", "TelephoneCountryCode":"1", "Birthday":"8/29/79", "NationalID":"629-72-5281", "BaseSalary":"64428", "Bonus":"6443", "Department":"Sales", "Status":"Active - Regular Exempt (Full-time)", "ManagerGUID":"07bb968f-e95e-4c40-8889-d88ba6b369d0", "point":{"lat":30.782473, "long":-104.611943}, "HiredDate":"2015-01-30"}