{"GUID":"dace0eb6-414a-4474-aca2-a92ae71c2d06", "Gender":"female", "Title":"Ms.", "GivenName":"Michelle", "MiddleInitial":"D", "Surname":"McDaniel", "StreetAddress":"4125 Emily Drive", "City":"Columbia", "State":"SC", "ZipCode":"29210", "Country":"US", "EmailAddress":"MichelleDMcDaniel@cuvox.de", "TelephoneNumber":"803-968-8030", "TelephoneCountryCode":"1", "Birthday":"12/1/91", "NationalID":"249-60-4326", "BaseSalary":"50375", "Bonus":"5038", "Department":"R&D", "Status":"Active - Regular Exempt (Full-time)", "ManagerGUID":"695fdc37-42f1-4c19-9ba1-c4fe87454041", "point":{"lat":34.142472, "long":-81.192816}, "HiredDate":"2014-09-15"}