{"GUID":"db85d62c-1934-4aa9-af70-c7abc7c0b8af", "Gender":"female", "Title":"Mrs.", "GivenName":"Robin", "MiddleInitial":"J", "Surname":"Winters", "StreetAddress":"517 Neuport Lane", "City":"Norcross", "State":"GA", "ZipCode":"30091", "Country":"US", "EmailAddress":"RobinJWinters@cuvox.de", "TelephoneNumber":"770-355-7065", "TelephoneCountryCode":"1", "Birthday":"2/23/66", "NationalID":"257-43-1934", "BaseSalary":"26466", "Bonus":"2647", "Department":"Engineering", "Status":"Active - Regular Exempt (Full-time)", "ManagerGUID":"3ad0ffbc-3ade-4897-902b-718417a721f5", "point":{"lat":33.936075, "long":-84.119551}, "HiredDate":"2019-11-29"}