{"GUID":"dc7c8da8-0f82-40b9-9439-ee2c1c419f65", "Gender":"male", "Title":"Mr.", "GivenName":"Jonathan", "MiddleInitial":"L", "Surname":"Rivera", "StreetAddress":"2558 College View", "City":"Belleville", "State":"IL", "ZipCode":"62220", "Country":"US", "EmailAddress":"JonathanLRivera@rhyta.com", "TelephoneNumber":"618-589-6441", "TelephoneCountryCode":"1", "Birthday":"9/30/81", "NationalID":"340-82-7820", "BaseSalary":"51987", "Bonus":"5199", "Department":"R&D", "Status":"Active - Regular Exempt (Full-time)", "ManagerGUID":"695fdc37-42f1-4c19-9ba1-c4fe87454041", "point":{"lat":38.540345, "long":-89.887928}, "HiredDate":"2014-09-19"}