{"GUID":"ddb4513a-7e63-4153-be4b-00d1727409eb", "Gender":"female", "Title":"Mrs.", "GivenName":"Carolyn", "MiddleInitial":"R", "Surname":"Porter", "StreetAddress":"3701 Retreat Avenue", "City":"Birmingham", "State":"AL", "ZipCode":"35222", "Country":"US", "EmailAddress":"CarolynRPorter@teleworm.us", "TelephoneNumber":"205-312-0134", "TelephoneCountryCode":"1", "Birthday":"11/14/56", "NationalID":"423-13-8908", "BaseSalary":"73444", "Bonus":"7344", "Department":"R&D", "Status":"Active - Regular Exempt (Full-time)", "ManagerGUID":"695fdc37-42f1-4c19-9ba1-c4fe87454041", "point":{"lat":33.481344, "long":-86.757995}, "HiredDate":"2015-10-22"}