{"GUID":"ddcb3984-5b12-491b-bfa3-d30f351ed5ae", "Gender":"female", "Title":"Ms.", "GivenName":"Amy", "MiddleInitial":"R", "Surname":"Henriksen", "StreetAddress":"803 Pinewood Avenue", "City":"Marquette", "State":"MI", "ZipCode":"49855", "Country":"US", "EmailAddress":"AmyRHenriksen@rhyta.com", "TelephoneNumber":"906-662-6670", "TelephoneCountryCode":"1", "Birthday":"10/30/44", "NationalID":"377-36-4132", "BaseSalary":"98455", "Bonus":"9846", "Department":"Marketing", "Status":"Active - Regular Exempt (Full-time)", "ManagerGUID":"d0862e5d-5be6-473b-a500-3e3a852b2bb8", "point":{"lat":46.617668, "long":-87.546405}, "HiredDate":"2018-09-25"}