{"GUID":"de459f4a-0849-4862-aaba-97b0e1fdc57d", "Gender":"male", "Title":"Mr.", "GivenName":"Edward", "MiddleInitial":"D", "Surname":"Trowbridge", "StreetAddress":"3417 Thomas Street", "City":"Burr Ridge", "State":"IL", "ZipCode":"61257", "Country":"US", "EmailAddress":"EdwardDTrowbridge@fleckens.hu", "TelephoneNumber":"847-560-1796", "TelephoneCountryCode":"1", "Birthday":"6/19/42", "NationalID":"334-64-3695", "BaseSalary":"70895", "Bonus":"7090", "Department":"R&D", "Status":"Active - Regular Exempt (Full-time)", "ManagerGUID":"695fdc37-42f1-4c19-9ba1-c4fe87454041", "point":{"lat":41.672893, "long":-88.012483}, "HiredDate":"2014-02-08"}