{"GUID":"de510dc7-526b-4897-9821-083b16f33f24", "Gender":"female", "Title":"Mrs.", "GivenName":"Kimberly", "MiddleInitial":"W", "Surname":"Hunter", "StreetAddress":"862 Rainy Day Drive", "City":"Waltham", "State":"MA", "ZipCode":"2154", "Country":"US", "EmailAddress":"KimberlyWHunter@jourrapide.com", "TelephoneNumber":"617-922-0920", "TelephoneCountryCode":"1", "Birthday":"10/12/71", "NationalID":"030-34-6235", "BaseSalary":"72879", "Bonus":"7288", "Department":"Sales", "Status":"Active - Regular Exempt (Full-time)", "ManagerGUID":"07bb968f-e95e-4c40-8889-d88ba6b369d0", "point":{"lat":42.452522, "long":-71.33761}, "HiredDate":"2015-12-13"}