{"GUID":"de5b90ab-31ae-4f9d-b43a-8cc06375da52", "Gender":"female", "Title":"Ms.", "GivenName":"Chasity", "MiddleInitial":"M", "Surname":"Furguson", "StreetAddress":"924 Lucy Lane", "City":"Salem", "State":"IN", "ZipCode":"47167", "Country":"US", "EmailAddress":"ChasityMFurguson@teleworm.us", "TelephoneNumber":"812-441-7308", "TelephoneCountryCode":"1", "Birthday":"7/12/66", "NationalID":"305-17-2668", "BaseSalary":"83682", "Bonus":"8368", "Department":"R&D", "Status":"Active - Regular Exempt (Full-time)", "ManagerGUID":"695fdc37-42f1-4c19-9ba1-c4fe87454041", "point":{"lat":38.610545, "long":-86.066668}, "HiredDate":"2021-08-17"}