{"GUID":"de65e2be-871c-43b6-aafe-2e75538d2b8c", "Gender":"female", "Title":"Mrs.", "GivenName":"Louise", "MiddleInitial":"W", "Surname":"Torres", "StreetAddress":"3495 Woodrow Way", "City":"Nacogdoches", "State":"TX", "ZipCode":"75964", "Country":"US", "EmailAddress":"LouiseWTorres@dayrep.com", "TelephoneNumber":"936-371-4385", "TelephoneCountryCode":"1", "Birthday":"3/7/66", "NationalID":"451-69-1869", "BaseSalary":"97679", "Bonus":"9768", "Department":"Marketing", "Status":"Active - Regular Exempt (Full-time)", "ManagerGUID":"d0862e5d-5be6-473b-a500-3e3a852b2bb8", "point":{"lat":31.569844, "long":-94.68821}, "HiredDate":"2017-09-15"}