{"GUID":"de6a9908-b1bf-48be-b2e5-23e54ed1bdd4", "Gender":"female", "Title":"Mrs.", "GivenName":"Maritza", "MiddleInitial":"T", "Surname":"Baker", "StreetAddress":"129 Lincoln Drive", "City":"Leola", "State":"PA", "ZipCode":"17540", "Country":"US", "EmailAddress":"MaritzaTBaker@gustr.com", "TelephoneNumber":"717-656-9029", "TelephoneCountryCode":"1", "Birthday":"1/12/47", "NationalID":"168-66-8722", "BaseSalary":"56418", "Bonus":"5642", "Department":"R&D", "Status":"Active - Regular Exempt (Full-time)", "ManagerGUID":"695fdc37-42f1-4c19-9ba1-c4fe87454041", "point":{"lat":40.140056, "long":-76.135863}, "HiredDate":"2013-10-28"}