{"GUID":"decbe890-fa80-4312-aa64-64e2dc8d86b9", "Gender":"male", "Title":"Mr.", "GivenName":"Jeffrey", "MiddleInitial":"M", "Surname":"Ayala", "StreetAddress":"283 Oak Drive", "City":"North Greenbush", "State":"NY", "ZipCode":"12144", "Country":"US", "EmailAddress":"JeffreyMAyala@jourrapide.com", "TelephoneNumber":"518-605-4900", "TelephoneCountryCode":"1", "Birthday":"8/10/60", "NationalID":"117-03-2203", "BaseSalary":"56170", "Bonus":"5617", "Department":"Engineering", "Status":"Active - Regular Exempt (Full-time)", "ManagerGUID":"3ad0ffbc-3ade-4897-902b-718417a721f5", "point":{"lat":42.748109, "long":-73.702868}, "HiredDate":"2018-06-12"}