{"GUID":"df241544-0e91-4a17-8b4f-61103c2ea987", "Gender":"male", "Title":"Mr.", "GivenName":"Gerald", "MiddleInitial":"M", "Surname":"Pryor", "StreetAddress":"1016 Ritter Street", "City":"Huntsville", "State":"AL", "ZipCode":"35802", "Country":"US", "EmailAddress":"GeraldMPryor@teleworm.us", "TelephoneNumber":"256-289-2765", "TelephoneCountryCode":"1", "Birthday":"7/2/88", "NationalID":"423-53-7697", "BaseSalary":"26224", "Bonus":"2622", "Department":"R&D", "Status":"Active - Regular Exempt (Full-time)", "ManagerGUID":"695fdc37-42f1-4c19-9ba1-c4fe87454041", "point":{"lat":34.630435, "long":-86.568202}, "HiredDate":"2019-04-05"}