{"GUID":"e0c25303-ca3e-4faa-b6ad-92be451d7b4e", "Gender":"female", "Title":"Mrs.", "GivenName":"Ethel", "MiddleInitial":"S", "Surname":"Howard", "StreetAddress":"2880 Clark Street", "City":"Bohemia", "State":"NY", "ZipCode":"11716", "Country":"US", "EmailAddress":"EthelSHoward@einrot.com", "TelephoneNumber":"631-220-5318", "TelephoneCountryCode":"1", "Birthday":"5/27/68", "NationalID":"105-82-0096", "BaseSalary":"70527", "Bonus":"7053", "Department":"Engineering", "Status":"Active - Regular Exempt (Full-time)", "ManagerGUID":"3ad0ffbc-3ade-4897-902b-718417a721f5", "point":{"lat":40.710568, "long":-73.060751}, "HiredDate":"2017-06-30"}