{"GUID":"e11d88cb-3884-48bd-bed3-bc59a38e851f", "Gender":"male", "Title":"Mr.", "GivenName":"Chris", "MiddleInitial":"F", "Surname":"Schaeffer", "StreetAddress":"4650 Kimberly Way", "City":"Portage", "State":"MI", "ZipCode":"49002", "Country":"US", "EmailAddress":"ChrisFSchaeffer@rhyta.com", "TelephoneNumber":"616-879-0969", "TelephoneCountryCode":"1", "Birthday":"10/19/93", "NationalID":"383-40-9008", "BaseSalary":"41922", "Bonus":"4192", "Department":"R&D", "Status":"Active - Regular Exempt (Full-time)", "ManagerGUID":"695fdc37-42f1-4c19-9ba1-c4fe87454041", "point":{"lat":42.162994, "long":-85.46213}, "HiredDate":"2012-06-25"}