{"GUID":"e1e93c57-c6da-41c4-a022-b1fffdd66b7d", "Gender":"male", "Title":"Mr.", "GivenName":"Ryan", "MiddleInitial":"R", "Surname":"Thomas", "StreetAddress":"9 Oliver Street", "City":"Grand Prairie", "State":"TX", "ZipCode":"75051", "Country":"US", "EmailAddress":"RyanRThomas@teleworm.us", "TelephoneNumber":"817-323-6208", "TelephoneCountryCode":"1", "Birthday":"3/29/52", "NationalID":"633-14-0923", "BaseSalary":"32302", "Bonus":"3230", "Department":"Engineering", "Status":"Active - Regular Exempt (Full-time)", "ManagerGUID":"3ad0ffbc-3ade-4897-902b-718417a721f5", "point":{"lat":32.789039, "long":-97.0194}, "HiredDate":"2017-12-19"}