{"GUID":"e23d3d85-6445-4b23-9b71-a6d380db187e", "Gender":"female", "Title":"Mrs.", "GivenName":"Deborah", "MiddleInitial":"A", "Surname":"Nelsen", "StreetAddress":"2687 Cherry Tree Drive", "City":"Jacksonville", "State":"FL", "ZipCode":"32205", "Country":"US", "EmailAddress":"DeborahANelsen@armyspy.com", "TelephoneNumber":"904-388-4283", "TelephoneCountryCode":"1", "Birthday":"11/12/91", "NationalID":"261-90-1829", "BaseSalary":"43639", "Bonus":"4364", "Department":"Training", "Status":"Active - Regular Exempt (Full-time)", "ManagerGUID":"0004880b-4826-4706-89e8-ba17f415a669", "point":{"lat":30.266403, "long":-81.811511}, "HiredDate":"2014-06-16"}