{"GUID":"e28278d8-8525-4733-a843-043b291f0361", "Gender":"female", "Title":"Mrs.", "GivenName":"Terry", "MiddleInitial":"C", "Surname":"Goodspeed", "StreetAddress":"3626 Horizon Circle", "City":"Federal Way", "State":"WA", "ZipCode":"98003", "Country":"US", "EmailAddress":"TerryCGoodspeed@rhyta.com", "TelephoneNumber":"253-529-0624", "TelephoneCountryCode":"1", "Birthday":"7/7/72", "NationalID":"536-96-5810", "BaseSalary":"57485", "Bonus":"5749", "Department":"Marketing", "Status":"Active - Regular Exempt (Full-time)", "ManagerGUID":"d0862e5d-5be6-473b-a500-3e3a852b2bb8", "point":{"lat":47.258465, "long":-122.35057}, "HiredDate":"2017-07-19"}