{"GUID":"e2b908ee-8981-46b6-b11a-1e6a27f3f419", "Gender":"female", "Title":"Mrs.", "GivenName":"Mary", "MiddleInitial":"D", "Surname":"Smith", "StreetAddress":"4601 Edsel Road", "City":"Granada Hills", "State":"CA", "ZipCode":"91344", "Country":"US", "EmailAddress":"MaryDSmith@einrot.com", "TelephoneNumber":"818-363-8072", "TelephoneCountryCode":"1", "Birthday":"10/7/63", "NationalID":"549-62-4632", "BaseSalary":"87720", "Bonus":"8772", "Department":"R&D", "Status":"Active - Regular Exempt (Full-time)", "ManagerGUID":"695fdc37-42f1-4c19-9ba1-c4fe87454041", "point":{"lat":34.306036, "long":-118.59763}, "HiredDate":"2013-08-11"}