{"GUID":"e2c7a241-d507-447e-b6cf-0728a66e7959", "Gender":"female", "Title":"Ms.", "GivenName":"Carol", "MiddleInitial":"J", "Surname":"Vanbuskirk", "StreetAddress":"2188 Atha Drive", "City":"Mckittrick", "State":"CA", "ZipCode":"93251", "Country":"US", "EmailAddress":"CarolJVanbuskirk@superrito.com", "TelephoneNumber":"661-762-2781", "TelephoneCountryCode":"1", "Birthday":"8/7/78", "NationalID":"563-74-5903", "BaseSalary":"47965", "Bonus":"4797", "Department":"R&D", "Status":"Active - Regular Exempt (Full-time)", "ManagerGUID":"695fdc37-42f1-4c19-9ba1-c4fe87454041", "point":{"lat":35.329464, "long":-119.859764}, "HiredDate":"2020-10-08"}