{"GUID":"e4604eb9-5dca-42a8-9026-0dede08839ea", "Gender":"female", "Title":"Ms.", "GivenName":"Teresita", "MiddleInitial":"B", "Surname":"Mariano", "StreetAddress":"3718 Gladwell Street", "City":"Fort Worth", "State":"TX", "ZipCode":"76104", "Country":"US", "EmailAddress":"TeresitaBMariano@einrot.com", "TelephoneNumber":"903-268-2934", "TelephoneCountryCode":"1", "Birthday":"1/10/64", "NationalID":"634-68-9573", "BaseSalary":"51446", "Bonus":"5145", "Department":"Engineering", "Status":"Active - Regular Exempt (Full-time)", "ManagerGUID":"3ad0ffbc-3ade-4897-902b-718417a721f5", "point":{"lat":32.626604, "long":-97.25001}, "HiredDate":"2021-01-02"}