{"GUID":"e470882e-9b9f-4b25-8184-4c29681402a2", "Gender":"male", "Title":"Mr.", "GivenName":"Jamie", "MiddleInitial":"D", "Surname":"Williams", "StreetAddress":"4003 Johnny Lane", "City":"Milwaukee", "State":"WI", "ZipCode":"53202", "Country":"US", "EmailAddress":"JamieDWilliams@superrito.com", "TelephoneNumber":"414-287-9022", "TelephoneCountryCode":"1", "Birthday":"2/19/40", "NationalID":"396-38-3637", "BaseSalary":"65568", "Bonus":"6557", "Department":"R&D", "Status":"Active - Regular Exempt (Full-time)", "ManagerGUID":"695fdc37-42f1-4c19-9ba1-c4fe87454041", "point":{"lat":43.048589, "long":-87.81971}, "HiredDate":"2016-11-15"}