{"GUID":"e4c12ed5-6c22-4d36-b3ed-2e89c1995ba4", "Gender":"male", "Title":"Mr.", "GivenName":"Doug", "MiddleInitial":"P", "Surname":"Ashley", "StreetAddress":"3899 Ralph Drive", "City":"Mayfield Heights", "State":"OH", "ZipCode":"44124", "Country":"US", "EmailAddress":"DougPAshley@dayrep.com", "TelephoneNumber":"440-312-7908", "TelephoneCountryCode":"1", "Birthday":"1/5/47", "NationalID":"286-98-9068", "BaseSalary":"90285", "Bonus":"9029", "Department":"Sales", "Status":"Active - Regular Exempt (Full-time)", "ManagerGUID":"07bb968f-e95e-4c40-8889-d88ba6b369d0", "point":{"lat":41.476404, "long":-81.389385}, "HiredDate":"2015-03-13"}