{"GUID":"e55c6e32-c8e5-49b3-8cb6-bd43944c6aaf", "Gender":"male", "Title":"Mr.", "GivenName":"Carlton", "MiddleInitial":"K", "Surname":"Tregre", "StreetAddress":"2830 West Street", "City":"Ada", "State":"MI", "ZipCode":"49301", "Country":"US", "EmailAddress":"CarltonKTregre@fleckens.hu", "TelephoneNumber":"616-682-0233", "TelephoneCountryCode":"1", "Birthday":"10/18/94", "NationalID":"366-78-9923", "BaseSalary":"62749", "Bonus":"6275", "Department":"R&D", "Status":"Active - Regular Exempt (Full-time)", "ManagerGUID":"695fdc37-42f1-4c19-9ba1-c4fe87454041", "point":{"lat":43.024908, "long":-85.371632}, "HiredDate":"2019-01-03"}