{"GUID":"e582c013-e1b1-45d6-b41d-b77dbc7db9e4", "Gender":"female", "Title":"Mrs.", "GivenName":"Mary", "MiddleInitial":"W", "Surname":"Brown", "StreetAddress":"4303 Columbia Boulevard", "City":"Baltimore", "State":"MD", "ZipCode":"21202", "Country":"US", "EmailAddress":"MaryWBrown@dayrep.com", "TelephoneNumber":"410-450-2567", "TelephoneCountryCode":"1", "Birthday":"12/6/74", "NationalID":"214-62-6989", "BaseSalary":"59438", "Bonus":"5944", "Department":"Sales", "Status":"Active - Regular Exempt (Full-time)", "ManagerGUID":"07bb968f-e95e-4c40-8889-d88ba6b369d0", "point":{"lat":39.225838, "long":-76.68317}, "HiredDate":"2021-08-26"}