{"GUID":"e5b61ac9-c698-4a18-b842-b72559f75e90", "Gender":"male", "Title":"Mr.", "GivenName":"Robert", "MiddleInitial":"L", "Surname":"Ramirez", "StreetAddress":"1774 Timberbrook Lane", "City":"Greeley", "State":"CO", "ZipCode":"80631", "Country":"US", "EmailAddress":"RobertLRamirez@jourrapide.com", "TelephoneNumber":"970-336-5089", "TelephoneCountryCode":"1", "Birthday":"12/18/78", "NationalID":"652-24-5286", "BaseSalary":"79363", "Bonus":"7936", "Department":"Marketing", "Status":"Active - Regular Exempt (Full-time)", "ManagerGUID":"d0862e5d-5be6-473b-a500-3e3a852b2bb8", "point":{"lat":40.35508, "long":-104.701678}, "HiredDate":"2012-05-10"}