{"GUID":"e613be7b-6b1d-4b68-be3d-1f7c6e9d6586", "Gender":"female", "Title":"Ms.", "GivenName":"Sonya", "MiddleInitial":"J", "Surname":"Nelson", "StreetAddress":"206 Musgrave Street", "City":"Oklahoma City", "State":"OK", "ZipCode":"73102", "Country":"US", "EmailAddress":"SonyaJNelson@superrito.com", "TelephoneNumber":"405-228-8953", "TelephoneCountryCode":"1", "Birthday":"2/25/38", "NationalID":"445-19-6931", "BaseSalary":"47316", "Bonus":"4732", "Department":"Sales", "Status":"Active - Regular Exempt (Full-time)", "ManagerGUID":"07bb968f-e95e-4c40-8889-d88ba6b369d0", "point":{"lat":35.394817, "long":-97.605777}, "HiredDate":"2012-09-14"}