{"GUID":"e695515a-1d45-4114-8c39-1fee69597208", "Gender":"female", "Title":"Ms.", "GivenName":"Julie", "MiddleInitial":"D", "Surname":"Schleicher", "StreetAddress":"2813 Windy Ridge Road", "City":"Berne", "State":"IN", "ZipCode":"46711", "Country":"US", "EmailAddress":"JulieDSchleicher@jourrapide.com", "TelephoneNumber":"260-589-3479", "TelephoneCountryCode":"1", "Birthday":"8/31/92", "NationalID":"310-20-7069", "BaseSalary":"78975", "Bonus":"7898", "Department":"R&D", "Status":"Active - Regular Exempt (Full-time)", "ManagerGUID":"695fdc37-42f1-4c19-9ba1-c4fe87454041", "point":{"lat":40.712982, "long":-85.019189}, "HiredDate":"2021-07-16"}