{"GUID":"e7b39690-1b63-45a2-82bb-388747725664", "Gender":"male", "Title":"Mr.", "GivenName":"Carl", "MiddleInitial":"M", "Surname":"Antonucci", "StreetAddress":"1035 Bagwell Avenue", "City":"Weekiwachee Spgs.", "State":"FL", "ZipCode":"32512", "Country":"US", "EmailAddress":"CarlMAntonucci@dayrep.com", "TelephoneNumber":"352-684-5807", "TelephoneCountryCode":"1", "Birthday":"5/9/77", "NationalID":"766-36-9251", "BaseSalary":"24936", "Bonus":"2494", "Department":"Engineering", "Status":"Active - Regular Exempt (Full-time)", "ManagerGUID":"3ad0ffbc-3ade-4897-902b-718417a721f5", "point":{"lat":28.482061, "long":-82.53721}, "HiredDate":"2016-09-06"}