{"GUID":"e8a24a89-e03d-4ad4-8273-27c64a07dd4e", "Gender":"female", "Title":"Ms.", "GivenName":"Marie", "MiddleInitial":"G", "Surname":"Monroe", "StreetAddress":"4650 Benson Park Drive", "City":"Oklahoma City", "State":"OK", "ZipCode":"73128", "Country":"US", "EmailAddress":"MarieGMonroe@einrot.com", "TelephoneNumber":"405-512-0367", "TelephoneCountryCode":"1", "Birthday":"5/28/52", "NationalID":"441-03-7106", "BaseSalary":"50933", "Bonus":"5093", "Department":"R&D", "Status":"Active - Regular Exempt (Full-time)", "ManagerGUID":"695fdc37-42f1-4c19-9ba1-c4fe87454041", "point":{"lat":35.548128, "long":-97.721771}, "HiredDate":"2018-04-06"}