{"GUID":"e8b7bc1d-0f9c-4fec-9620-b7bdbfe4a7f4", "Gender":"male", "Title":"Mr.", "GivenName":"John", "MiddleInitial":"J", "Surname":"Neal", "StreetAddress":"330 Reel Avenue", "City":"Albuquerque", "State":"NM", "ZipCode":"87107", "Country":"US", "EmailAddress":"JohnJNeal@cuvox.de", "TelephoneNumber":"505-315-8539", "TelephoneCountryCode":"1", "Birthday":"11/20/59", "NationalID":"525-16-3585", "BaseSalary":"72613", "Bonus":"7261", "Department":"R&D", "Status":"Active - Regular Exempt (Full-time)", "ManagerGUID":"695fdc37-42f1-4c19-9ba1-c4fe87454041", "point":{"lat":35.182718, "long":-106.7224}, "HiredDate":"2016-11-01"}