{"GUID":"e943f2fe-1cf6-4f1b-b247-d431e4e087ed", "Gender":"female", "Title":"Mrs.", "GivenName":"Kimberly", "MiddleInitial":"G", "Surname":"Carman", "StreetAddress":"1211 Bolman Court", "City":"Hersman", "State":"IL", "ZipCode":"62353", "Country":"US", "EmailAddress":"KimberlyGCarman@jourrapide.com", "TelephoneNumber":"217-289-2355", "TelephoneCountryCode":"1", "Birthday":"4/23/55", "NationalID":"354-72-3511", "BaseSalary":"56994", "Bonus":"5699", "Department":"Marketing", "Status":"Active - Regular Exempt (Full-time)", "ManagerGUID":"d0862e5d-5be6-473b-a500-3e3a852b2bb8", "point":{"lat":40.045658, "long":-90.69867}, "HiredDate":"2019-01-10"}