{"GUID":"e97c7426-910e-4350-be5f-0662478a6d29", "Gender":"female", "Title":"Mrs.", "GivenName":"Stella", "MiddleInitial":"M", "Surname":"Hicks", "StreetAddress":"439 Haymond Rocks Road", "City":"Redmond", "State":"OR", "ZipCode":"97756", "Country":"US", "EmailAddress":"StellaMHicks@rhyta.com", "TelephoneNumber":"541-504-7362", "TelephoneCountryCode":"1", "Birthday":"12/16/36", "NationalID":"541-86-4870", "BaseSalary":"51952", "Bonus":"5195", "Department":"Engineering", "Status":"Active - Regular Exempt (Full-time)", "ManagerGUID":"3ad0ffbc-3ade-4897-902b-718417a721f5", "point":{"lat":44.354169, "long":-121.168951}, "HiredDate":"2017-12-07"}