{"GUID":"ea6ffcfe-1d4c-43c2-a1be-bcb139f35073", "Gender":"female", "Title":"Mrs.", "GivenName":"Patricia", "MiddleInitial":"E", "Surname":"Green", "StreetAddress":"865 Brannon Street", "City":"Los Angeles", "State":"CA", "ZipCode":"90026", "Country":"US", "EmailAddress":"PatriciaEGreen@rhyta.com", "TelephoneNumber":"213-367-0455", "TelephoneCountryCode":"1", "Birthday":"2/6/33", "NationalID":"572-02-9190", "BaseSalary":"21212", "Bonus":"2121", "Department":"R&D", "Status":"Active - Regular Exempt (Full-time)", "ManagerGUID":"695fdc37-42f1-4c19-9ba1-c4fe87454041", "point":{"lat":33.982222, "long":-118.322746}, "HiredDate":"2016-10-10"}