{"GUID":"eb618696-e66f-4ef3-8057-2c19c136f851", "Gender":"female", "Title":"Mrs.", "GivenName":"Diane", "MiddleInitial":"J", "Surname":"Barnett", "StreetAddress":"4345 White Pine Lane", "City":"Roanoke", "State":"VA", "ZipCode":"24011", "Country":"US", "EmailAddress":"DianeJBarnett@jourrapide.com", "TelephoneNumber":"540-570-1404", "TelephoneCountryCode":"1", "Birthday":"10/1/70", "NationalID":"227-03-5115", "BaseSalary":"62496", "Bonus":"6250", "Department":"Marketing", "Status":"Active - Regular Exempt (Full-time)", "ManagerGUID":"d0862e5d-5be6-473b-a500-3e3a852b2bb8", "point":{"lat":37.347816, "long":-79.984365}, "HiredDate":"2020-02-20"}