{"GUID":"ebca67e0-10fe-4c64-831c-e116d1cec0ed", "Gender":"male", "Title":"Mr.", "GivenName":"Martin", "MiddleInitial":"E", "Surname":"Brandon", "StreetAddress":"2565 Single Street", "City":"Woburn", "State":"MA", "ZipCode":"1801", "Country":"US", "EmailAddress":"MartinEBrandon@jourrapide.com", "TelephoneNumber":"781-568-2020", "TelephoneCountryCode":"1", "Birthday":"6/16/69", "NationalID":"024-72-7871", "BaseSalary":"44177", "Bonus":"4418", "Department":"R&D", "Status":"Active - Regular Exempt (Full-time)", "ManagerGUID":"695fdc37-42f1-4c19-9ba1-c4fe87454041", "point":{"lat":42.438431, "long":-71.247937}, "HiredDate":"2013-03-17"}