{"GUID":"ec95d961-88c4-41e5-bc40-ba0e3c70fc79", "Gender":"male", "Title":"Mr.", "GivenName":"Richard", "MiddleInitial":"B", "Surname":"Burchett", "StreetAddress":"3955 Daffodil Lane", "City":"Arlington", "State":"VA", "ZipCode":"22201", "Country":"US", "EmailAddress":"RichardBBurchett@gustr.com", "TelephoneNumber":"703-420-1350", "TelephoneCountryCode":"1", "Birthday":"7/23/63", "NationalID":"228-95-0668", "BaseSalary":"42871", "Bonus":"4287", "Department":"Sales", "Status":"Active - Regular Exempt (Full-time)", "ManagerGUID":"07bb968f-e95e-4c40-8889-d88ba6b369d0", "point":{"lat":38.857335, "long":-77.186011}, "HiredDate":"2012-05-03"}