{"GUID":"ed318cdf-b163-4f83-8801-4f0e3b0bbd35", "Gender":"female", "Title":"Dr.", "GivenName":"Lynda", "MiddleInitial":"G", "Surname":"Crawford", "StreetAddress":"2773 Travis Street", "City":"Doral", "State":"FL", "ZipCode":"33166", "Country":"US", "EmailAddress":"LyndaGCrawford@teleworm.us", "TelephoneNumber":"772-823-8861", "TelephoneCountryCode":"1", "Birthday":"10/31/73", "NationalID":"593-99-9284", "BaseSalary":"68092", "Bonus":"6809", "Department":"R&D", "Status":"Active - Regular Exempt (Full-time)", "ManagerGUID":"695fdc37-42f1-4c19-9ba1-c4fe87454041", "point":{"lat":25.827727, "long":-80.40111}, "HiredDate":"2018-01-11"}