{"GUID":"ed542b48-517b-4df3-b711-88c036726e99", "Gender":"male", "Title":"Mr.", "GivenName":"Ray", "MiddleInitial":"H", "Surname":"Lee", "StreetAddress":"3275 Hampton Meadows", "City":"Marlboro", "State":"MA", "ZipCode":"1752", "Country":"US", "EmailAddress":"RayHLee@einrot.com", "TelephoneNumber":"978-402-2127", "TelephoneCountryCode":"1", "Birthday":"10/30/90", "NationalID":"027-72-8628", "BaseSalary":"63128", "Bonus":"6313", "Department":"Engineering", "Status":"Active - Regular Exempt (Full-time)", "ManagerGUID":"3ad0ffbc-3ade-4897-902b-718417a721f5", "point":{"lat":42.437351, "long":-71.56553}, "HiredDate":"2013-01-24"}