{"GUID":"ed9a61d1-564d-40c0-9ede-364f7c88484a", "Gender":"male", "Title":"Mr.", "GivenName":"Chad", "MiddleInitial":"R", "Surname":"Bourne", "StreetAddress":"4522 Hickory Heights Drive", "City":"Hanover", "State":"MD", "ZipCode":"21076", "Country":"US", "EmailAddress":"ChadRBourne@fleckens.hu", "TelephoneNumber":"443-864-7158", "TelephoneCountryCode":"1", "Birthday":"10/8/38", "NationalID":"214-05-6388", "BaseSalary":"20530", "Bonus":"2053", "Department":"R&D", "Status":"Active - Regular Exempt (Full-time)", "ManagerGUID":"695fdc37-42f1-4c19-9ba1-c4fe87454041", "point":{"lat":39.153157, "long":-76.75625}, "HiredDate":"2016-08-06"}