{"GUID":"eed80e3b-feb3-49c3-be39-640b38c6fb0a", "Gender":"male", "Title":"Mr.", "GivenName":"Ryan", "MiddleInitial":"D", "Surname":"Farmer", "StreetAddress":"311 Lucky Duck Drive", "City":"Pittsburgh", "State":"PA", "ZipCode":"15213", "Country":"US", "EmailAddress":"RyanDFarmer@rhyta.com", "TelephoneNumber":"412-894-9122", "TelephoneCountryCode":"1", "Birthday":"12/22/67", "NationalID":"178-64-2121", "BaseSalary":"78356", "Bonus":"7836", "Department":"Marketing", "Status":"Active - Regular Exempt (Full-time)", "ManagerGUID":"d0862e5d-5be6-473b-a500-3e3a852b2bb8", "point":{"lat":40.397135, "long":-79.945239}, "HiredDate":"2018-07-24"}