{"GUID":"ef9763b7-b1a3-4637-91ac-3956aa3b86ac", "Gender":"female", "Title":"Ms.", "GivenName":"Sharon", "MiddleInitial":"H", "Surname":"Ladd", "StreetAddress":"1650 Rainy Day Drive", "City":"South Boston", "State":"MA", "ZipCode":"2127", "Country":"US", "EmailAddress":"SharonHLadd@dayrep.com", "TelephoneNumber":"617-948-3511", "TelephoneCountryCode":"1", "Birthday":"10/22/58", "NationalID":"013-66-3266", "BaseSalary":"49113", "Bonus":"4911", "Department":"R&D", "Status":"Active - Regular Exempt (Full-time)", "ManagerGUID":"695fdc37-42f1-4c19-9ba1-c4fe87454041", "point":{"lat":42.194672, "long":-71.096574}, "HiredDate":"2015-05-14"}