{"GUID":"effeebaa-1736-4ce0-8716-352e74468665", "Gender":"female", "Title":"Ms.", "GivenName":"Lydia", "MiddleInitial":"J", "Surname":"Lafon", "StreetAddress":"623 Paradise Lane", "City":"Los Angeles", "State":"CA", "ZipCode":"90017", "Country":"US", "EmailAddress":"LydiaJLafon@armyspy.com", "TelephoneNumber":"909-661-1614", "TelephoneCountryCode":"1", "Birthday":"2/10/37", "NationalID":"614-88-2740", "BaseSalary":"64726", "Bonus":"6473", "Department":"Training", "Status":"Active - Regular Exempt (Full-time)", "ManagerGUID":"0004880b-4826-4706-89e8-ba17f415a669", "point":{"lat":34.080482, "long":-118.213458}, "HiredDate":"2013-09-23"}