{"GUID":"f0160119-ad61-493d-a421-6a2a173e023b", "Gender":"female", "Title":"Mrs.", "GivenName":"Dennis", "MiddleInitial":"G", "Surname":"Carter", "StreetAddress":"4470 Rosewood Lane", "City":"New York", "State":"NY", "ZipCode":"10031", "Country":"US", "EmailAddress":"DennisGCarter@einrot.com", "TelephoneNumber":"212-926-7756", "TelephoneCountryCode":"1", "Birthday":"5/19/49", "NationalID":"069-46-2834", "BaseSalary":"62959", "Bonus":"6296", "Department":"R&D", "Status":"Active - Regular Exempt (Full-time)", "ManagerGUID":"695fdc37-42f1-4c19-9ba1-c4fe87454041", "point":{"lat":40.787536, "long":-73.851567}, "HiredDate":"2013-10-25"}