{"GUID":"f0e753aa-6d6d-416b-8cbb-7a9d901f2f67", "Gender":"female", "Title":"Ms.", "GivenName":"Juliana", "MiddleInitial":"E", "Surname":"Duvall", "StreetAddress":"2566 Clinton Street", "City":"Little Rock", "State":"AR", "ZipCode":"72211", "Country":"US", "EmailAddress":"JulianaEDuvall@gustr.com", "TelephoneNumber":"501-218-6096", "TelephoneCountryCode":"1", "Birthday":"6/25/91", "NationalID":"679-09-8241", "BaseSalary":"41418", "Bonus":"4142", "Department":"R&D", "Status":"Active - Regular Exempt (Full-time)", "ManagerGUID":"695fdc37-42f1-4c19-9ba1-c4fe87454041", "point":{"lat":34.653462, "long":-92.508195}, "HiredDate":"2018-04-09"}