{"GUID":"f0ee170e-7002-44e6-bc25-0165d2bea352", "Gender":"female", "Title":"Mrs.", "GivenName":"Delores", "MiddleInitial":"S", "Surname":"Cottman", "StreetAddress":"1710 Davis Place", "City":"Maumee", "State":"OH", "ZipCode":"43537", "Country":"US", "EmailAddress":"DeloresSCottman@teleworm.us", "TelephoneNumber":"419-270-9779", "TelephoneCountryCode":"1", "Birthday":"8/20/60", "NationalID":"288-48-2991", "BaseSalary":"77003", "Bonus":"7700", "Department":"R&D", "Status":"Active - Regular Exempt (Full-time)", "ManagerGUID":"695fdc37-42f1-4c19-9ba1-c4fe87454041", "point":{"lat":41.672022, "long":-83.740981}, "HiredDate":"2016-09-13"}