{"GUID":"f1da9862-8989-4e3d-9530-26af9653cf1b", "Gender":"female", "Title":"Mrs.", "GivenName":"Patricia", "MiddleInitial":"C", "Surname":"Moody", "StreetAddress":"3447 Lightning Point Drive", "City":"Arlington", "State":"TN", "ZipCode":"38002", "Country":"US", "EmailAddress":"PatriciaCMoody@rhyta.com", "TelephoneNumber":"901-481-1756", "TelephoneCountryCode":"1", "Birthday":"3/11/58", "NationalID":"757-01-4050", "BaseSalary":"62877", "Bonus":"6288", "Department":"Marketing", "Status":"Active - Regular Exempt (Full-time)", "ManagerGUID":"d0862e5d-5be6-473b-a500-3e3a852b2bb8", "point":{"lat":35.354644, "long":-89.807607}, "HiredDate":"2021-11-09"}