{"GUID":"f2174cca-83e5-4d7c-94c0-b950ba2c6dfd", "Gender":"male", "Title":"Mr.", "GivenName":"Ray", "MiddleInitial":"C", "Surname":"Marley", "StreetAddress":"4729 Emeral Dreams Drive", "City":"Chicago", "State":"IL", "ZipCode":"60601", "Country":"US", "EmailAddress":"RayCMarley@armyspy.com", "TelephoneNumber":"815-333-3566", "TelephoneCountryCode":"1", "Birthday":"9/16/42", "NationalID":"332-54-7642", "BaseSalary":"54065", "Bonus":"5407", "Department":"Sales", "Status":"Active - Regular Exempt (Full-time)", "ManagerGUID":"07bb968f-e95e-4c40-8889-d88ba6b369d0", "point":{"lat":41.835715, "long":-87.543499}, "HiredDate":"2018-03-11"}