{"GUID":"f3ad5548-965f-412e-8b1f-0acb218820c5", "Gender":"female", "Title":"Mrs.", "GivenName":"Ivette", "MiddleInitial":"B", "Surname":"Williams", "StreetAddress":"4607 Boring Lane", "City":"Oakland", "State":"CA", "ZipCode":"94612", "Country":"US", "EmailAddress":"IvetteBWilliams@dayrep.com", "TelephoneNumber":"415-707-6239", "TelephoneCountryCode":"1", "Birthday":"5/16/66", "NationalID":"558-18-9198", "BaseSalary":"37930", "Bonus":"3793", "Department":"Marketing", "Status":"Active - Regular Exempt (Full-time)", "ManagerGUID":"d0862e5d-5be6-473b-a500-3e3a852b2bb8", "point":{"lat":37.736801, "long":-122.354206}, "HiredDate":"2022-10-19"}