{"GUID":"f3cb768c-319c-453e-bd66-32d45ab6ba4d", "Gender":"female", "Title":"Mrs.", "GivenName":"Lindsey", "MiddleInitial":"E", "Surname":"Powers", "StreetAddress":"3308 Victoria Street", "City":"Chicago", "State":"IL", "ZipCode":"60631", "Country":"US", "EmailAddress":"LindseyEPowers@superrito.com", "TelephoneNumber":"224-875-2791", "TelephoneCountryCode":"1", "Birthday":"7/27/74", "NationalID":"326-50-9982", "BaseSalary":"77676", "Bonus":"7768", "Department":"Training", "Status":"Active - Regular Exempt (Full-time)", "ManagerGUID":"0004880b-4826-4706-89e8-ba17f415a669", "point":{"lat":42.075685, "long":-87.762833}, "HiredDate":"2012-04-28"}