{"GUID":"f3e4f580-50fe-421f-92c1-28e0ba8d3277", "Gender":"female", "Title":"Ms.", "GivenName":"Jocelyn", "MiddleInitial":"G", "Surname":"Dexter", "StreetAddress":"4255 Lauren Drive", "City":"Dodgeville", "State":"WI", "ZipCode":"53533", "Country":"US", "EmailAddress":"JocelynGDexter@gustr.com", "TelephoneNumber":"608-475-7800", "TelephoneCountryCode":"1", "Birthday":"7/26/76", "NationalID":"399-38-3089", "BaseSalary":"92993", "Bonus":"9299", "Department":"R&D", "Status":"Active - Regular Exempt (Full-time)", "ManagerGUID":"695fdc37-42f1-4c19-9ba1-c4fe87454041", "point":{"lat":42.92465, "long":-90.129342}, "HiredDate":"2014-04-11"}