{"GUID":"f40a5bfd-a46c-45f4-a19c-88a8ae123aad", "Gender":"male", "Title":"Mr.", "GivenName":"Ronald", "MiddleInitial":"I", "Surname":"Stephens", "StreetAddress":"4759 Hinkle Deegan Lake Road", "City":"Lexington", "State":"KY", "ZipCode":"40505", "Country":"US", "EmailAddress":"RonaldIStephens@teleworm.us", "TelephoneNumber":"606-963-3079", "TelephoneCountryCode":"1", "Birthday":"1/5/41", "NationalID":"406-47-7900", "BaseSalary":"76727", "Bonus":"7673", "Department":"Training", "Status":"Active - Regular Exempt (Full-time)", "ManagerGUID":"0004880b-4826-4706-89e8-ba17f415a669", "point":{"lat":37.990774, "long":-84.362364}, "HiredDate":"2018-10-22"}