{"GUID":"f40fa68c-ca70-44d6-a553-c4724cd41d48", "Gender":"male", "Title":"Mr.", "GivenName":"Vernon", "MiddleInitial":"N", "Surname":"Miles", "StreetAddress":"1146 Lyon Avenue", "City":"Marlboro", "State":"MA", "ZipCode":"1752", "Country":"US", "EmailAddress":"VernonNMiles@dayrep.com", "TelephoneNumber":"508-903-3072", "TelephoneCountryCode":"1", "Birthday":"1/31/33", "NationalID":"028-50-7379", "BaseSalary":"58656", "Bonus":"5866", "Department":"R&D", "Status":"Active - Regular Exempt (Full-time)", "ManagerGUID":"695fdc37-42f1-4c19-9ba1-c4fe87454041", "point":{"lat":42.336042, "long":-71.602849}, "HiredDate":"2013-01-02"}