{"GUID":"f4540872-26a4-486a-8c03-d5b69c37e13b", "Gender":"female", "Title":"Ms.", "GivenName":"Alice", "MiddleInitial":"T", "Surname":"Fessenden", "StreetAddress":"3656 Stoney Lane", "City":"Grand Prairie", "State":"TX", "ZipCode":"75051", "Country":"US", "EmailAddress":"AliceTFessenden@fleckens.hu", "TelephoneNumber":"972-933-6994", "TelephoneCountryCode":"1", "Birthday":"12/31/82", "NationalID":"636-18-3572", "BaseSalary":"56277", "Bonus":"5628", "Department":"Sales", "Status":"Active - Regular Exempt (Full-time)", "ManagerGUID":"07bb968f-e95e-4c40-8889-d88ba6b369d0", "point":{"lat":32.637451, "long":-97.053786}, "HiredDate":"2016-10-27"}