{"GUID":"f4cc4f30-a7d9-4856-952b-e3917f5ec7f2", "Gender":"female", "Title":"Mrs.", "GivenName":"Lorene", "MiddleInitial":"C", "Surname":"Mahoney", "StreetAddress":"251 Alexander Drive", "City":"Denton", "State":"TX", "ZipCode":"76205", "Country":"US", "EmailAddress":"LoreneCMahoney@dayrep.com", "TelephoneNumber":"940-535-2333", "TelephoneCountryCode":"1", "Birthday":"2/16/49", "NationalID":"465-03-4341", "BaseSalary":"78474", "Bonus":"7847", "Department":"R&D", "Status":"Active - Regular Exempt (Full-time)", "ManagerGUID":"695fdc37-42f1-4c19-9ba1-c4fe87454041", "point":{"lat":33.27916, "long":-97.14209}, "HiredDate":"2019-01-19"}