{"GUID":"f5693a66-c304-4df1-b09e-ece9e0197778", "Gender":"female", "Title":"Ms.", "GivenName":"Teri", "MiddleInitial":"J", "Surname":"Gallaher", "StreetAddress":"287 Rogers Street", "City":"New Richmond", "State":"OH", "ZipCode":"45157", "Country":"US", "EmailAddress":"TeriJGallaher@fleckens.hu", "TelephoneNumber":"513-553-4230", "TelephoneCountryCode":"1", "Birthday":"3/21/49", "NationalID":"298-66-8525", "BaseSalary":"92784", "Bonus":"9278", "Department":"Marketing", "Status":"Active - Regular Exempt (Full-time)", "ManagerGUID":"d0862e5d-5be6-473b-a500-3e3a852b2bb8", "point":{"lat":38.861657, "long":-84.283983}, "HiredDate":"2017-08-19"}