{"GUID":"f57697e1-c89b-4624-9e5b-86cfbb32cfa1", "Gender":"male", "Title":"Mr.", "GivenName":"Ernest", "MiddleInitial":"L", "Surname":"Lindsey", "StreetAddress":"2814 Duffy Street", "City":"Merrillville", "State":"IN", "ZipCode":"46410", "Country":"US", "EmailAddress":"ErnestLLindsey@fleckens.hu", "TelephoneNumber":"219-795-8266", "TelephoneCountryCode":"1", "Birthday":"9/5/35", "NationalID":"311-52-2103", "BaseSalary":"52312", "Bonus":"5231", "Department":"Marketing", "Status":"Active - Regular Exempt (Full-time)", "ManagerGUID":"d0862e5d-5be6-473b-a500-3e3a852b2bb8", "point":{"lat":41.570708, "long":-87.244302}, "HiredDate":"2013-01-30"}