{"GUID":"f61f05e9-f892-456c-a4d9-ba358585cc6b", "Gender":"female", "Title":"Ms.", "GivenName":"Renee", "MiddleInitial":"R", "Surname":"Katz", "StreetAddress":"1941 Java Lane", "City":"Winnsboro", "State":"SC", "ZipCode":"29180", "Country":"US", "EmailAddress":"ReneeRKatz@fleckens.hu", "TelephoneNumber":"803-635-9655", "TelephoneCountryCode":"1", "Birthday":"11/17/52", "NationalID":"251-42-9896", "BaseSalary":"94045", "Bonus":"9405", "Department":"R&D", "Status":"Active - Regular Exempt (Full-time)", "ManagerGUID":"695fdc37-42f1-4c19-9ba1-c4fe87454041", "point":{"lat":34.249563, "long":-81.089407}, "HiredDate":"2017-02-23"}