{"GUID":"f675683f-39b4-4025-b3c6-25bf4127b27e", "Gender":"male", "Title":"Mr.", "GivenName":"Wilfred", "MiddleInitial":"A", "Surname":"Harvey", "StreetAddress":"4413 Lightning Point Drive", "City":"Memphis", "State":"TN", "ZipCode":"38134", "Country":"US", "EmailAddress":"WilfredAHarvey@rhyta.com", "TelephoneNumber":"901-477-7863", "TelephoneCountryCode":"1", "Birthday":"4/7/65", "NationalID":"760-01-7155", "BaseSalary":"54802", "Bonus":"5480", "Department":"Engineering", "Status":"Active - Regular Exempt (Full-time)", "ManagerGUID":"3ad0ffbc-3ade-4897-902b-718417a721f5", "point":{"lat":35.088061, "long":-89.867297}, "HiredDate":"2013-06-23"}