{"GUID":"f7b0c511-85f2-43be-a56a-13b5bbc44cdd", "Gender":"male", "Title":"Mr.", "GivenName":"Brian", "MiddleInitial":"N", "Surname":"Lewis", "StreetAddress":"14 Franklin Street", "City":"Troy", "State":"AL", "ZipCode":"36081", "Country":"US", "EmailAddress":"BrianNLewis@armyspy.com", "TelephoneNumber":"334-670-9736", "TelephoneCountryCode":"1", "Birthday":"8/15/93", "NationalID":"423-64-1097", "BaseSalary":"48518", "Bonus":"4852", "Department":"Sales", "Status":"Active - Regular Exempt (Full-time)", "ManagerGUID":"07bb968f-e95e-4c40-8889-d88ba6b369d0", "point":{"lat":31.977355, "long":-85.814809}, "HiredDate":"2019-03-13"}