{"GUID":"f7cb5662-b039-479f-91c5-95910a16d28a", "Gender":"male", "Title":"Mr.", "GivenName":"Carlton", "MiddleInitial":"L", "Surname":"Reeves", "StreetAddress":"3322 Patterson Fork Road", "City":"Chicago", "State":"IL", "ZipCode":"60606", "Country":"US", "EmailAddress":"CarltonLReeves@rhyta.com", "TelephoneNumber":"312-627-6175", "TelephoneCountryCode":"1", "Birthday":"12/28/41", "NationalID":"334-07-0417", "BaseSalary":"82542", "Bonus":"8254", "Department":"Marketing", "Status":"Active - Regular Exempt (Full-time)", "ManagerGUID":"d0862e5d-5be6-473b-a500-3e3a852b2bb8", "point":{"lat":41.78607, "long":-87.620031}, "HiredDate":"2013-08-29"}