{"GUID":"f7f3abdd-0058-4867-924a-3de53540c6a4", "Gender":"female", "Title":"Mrs.", "GivenName":"Lisa", "MiddleInitial":"R", "Surname":"Villanueva", "StreetAddress":"2730 Wright Court", "City":"Seattle", "State":"WA", "ZipCode":"98101", "Country":"US", "EmailAddress":"LisaRVillanueva@gustr.com", "TelephoneNumber":"206-234-6781", "TelephoneCountryCode":"1", "Birthday":"1/14/74", "NationalID":"538-21-2592", "BaseSalary":"59488", "Bonus":"5949", "Department":"R&D", "Status":"Active - Regular Exempt (Full-time)", "ManagerGUID":"695fdc37-42f1-4c19-9ba1-c4fe87454041", "point":{"lat":47.569152, "long":-122.371168}, "HiredDate":"2018-05-23"}