{"GUID":"f828b355-1d3f-453c-8eb8-489f808391c4", "Gender":"female", "Title":"Ms.", "GivenName":"Linda", "MiddleInitial":"T", "Surname":"Motes", "StreetAddress":"4926 Poplar Chase Lane", "City":"Arbon", "State":"ID", "ZipCode":"83212", "Country":"US", "EmailAddress":"LindaTMotes@superrito.com", "TelephoneNumber":"208-335-2940", "TelephoneCountryCode":"1", "Birthday":"7/9/51", "NationalID":"519-12-7760", "BaseSalary":"94715", "Bonus":"9472", "Department":"Sales", "Status":"Active - Regular Exempt (Full-time)", "ManagerGUID":"07bb968f-e95e-4c40-8889-d88ba6b369d0", "point":{"lat":42.479078, "long":-112.581118}, "HiredDate":"2016-04-29"}