{"GUID":"fa8f672b-e90c-4b1a-a1a0-43486018d55e", "Gender":"male", "Title":"Mr.", "GivenName":"Steven", "MiddleInitial":"M", "Surname":"Field", "StreetAddress":"1520 Arrowood Drive", "City":"Jacksonville", "State":"FL", "ZipCode":"32202", "Country":"US", "EmailAddress":"StevenMField@fleckens.hu", "TelephoneNumber":"904-492-3551", "TelephoneCountryCode":"1", "Birthday":"3/22/88", "NationalID":"589-15-8986", "BaseSalary":"61686", "Bonus":"6169", "Department":"Sales", "Status":"Active - Regular Exempt (Full-time)", "ManagerGUID":"07bb968f-e95e-4c40-8889-d88ba6b369d0", "point":{"lat":30.330689, "long":-81.737658}, "HiredDate":"2020-03-06"}