{"GUID":"faed7447-6bde-46c6-82ca-3492ac876b18", "Gender":"male", "Title":"Mr.", "GivenName":"Kenneth", "MiddleInitial":"T", "Surname":"Merchant", "StreetAddress":"3451 Buffalo Creek Road", "City":"Nashville", "State":"TN", "ZipCode":"37207", "Country":"US", "EmailAddress":"KennethTMerchant@jourrapide.com", "TelephoneNumber":"615-830-3396", "TelephoneCountryCode":"1", "Birthday":"4/13/91", "NationalID":"412-86-7628", "BaseSalary":"79642", "Bonus":"7964", "Department":"Sales", "Status":"Active - Regular Exempt (Full-time)", "ManagerGUID":"07bb968f-e95e-4c40-8889-d88ba6b369d0", "point":{"lat":36.197208, "long":-86.69129}, "HiredDate":"2014-01-07"}