{"GUID":"fb5c27ac-c627-4e89-8c96-37171d945045", "Gender":"male", "Title":"Mr.", "GivenName":"Douglas", "MiddleInitial":"V", "Surname":"Fairley", "StreetAddress":"3976 Godfrey Road", "City":"New York", "State":"NY", "ZipCode":"10022", "Country":"US", "EmailAddress":"DouglasVFairley@einrot.com", "TelephoneNumber":"212-546-8762", "TelephoneCountryCode":"1", "Birthday":"2/23/81", "NationalID":"099-88-8646", "BaseSalary":"84234", "Bonus":"8423", "Department":"Engineering", "Status":"Active - Regular Exempt (Full-time)", "ManagerGUID":"3ad0ffbc-3ade-4897-902b-718417a721f5", "point":{"lat":40.760246, "long":-73.957763}, "HiredDate":"2014-06-27"}