{"GUID":"fbceda0a-4afc-49f5-9e48-ebe8ed34abdc", "Gender":"male", "Title":"Mr.", "GivenName":"Frank", "MiddleInitial":"P", "Surname":"Azevedo", "StreetAddress":"1659 Quarry Drive", "City":"Montgomery", "State":"AL", "ZipCode":"36104", "Country":"US", "EmailAddress":"FrankPAzevedo@superrito.com", "TelephoneNumber":"334-819-2225", "TelephoneCountryCode":"1", "Birthday":"12/30/53", "NationalID":"419-68-3277", "BaseSalary":"67260", "Bonus":"6726", "Department":"Marketing", "Status":"Active - Regular Exempt (Full-time)", "ManagerGUID":"d0862e5d-5be6-473b-a500-3e3a852b2bb8", "point":{"lat":32.444462, "long":-86.32803}, "HiredDate":"2018-02-02"}