{"GUID":"fccaf21c-767c-4508-a1df-c44458b1b6e9", "Gender":"male", "Title":"Mr.", "GivenName":"Donald", "MiddleInitial":"R", "Surname":"Perkins", "StreetAddress":"381 Maple Court", "City":"Jefferson City", "State":"MO", "ZipCode":"65101", "Country":"US", "EmailAddress":"DonaldRPerkins@einrot.com", "TelephoneNumber":"573-405-0772", "TelephoneCountryCode":"1", "Birthday":"8/2/72", "NationalID":"497-88-3126", "BaseSalary":"45756", "Bonus":"4576", "Department":"R&D", "Status":"Active - Regular Exempt (Full-time)", "ManagerGUID":"695fdc37-42f1-4c19-9ba1-c4fe87454041", "point":{"lat":38.5447, "long":-92.120249}, "HiredDate":"2016-01-07"}