{"GUID":"fd4af85f-0db4-4dfc-8710-e791a43ef7c8", "Gender":"female", "Title":"Ms.", "GivenName":"Nicole", "MiddleInitial":"K", "Surname":"Marshall", "StreetAddress":"1549 Rollins Road", "City":"Anselmo", "State":"NE", "ZipCode":"68813", "Country":"US", "EmailAddress":"NicoleKMarshall@superrito.com", "TelephoneNumber":"308-749-2261", "TelephoneCountryCode":"1", "Birthday":"12/5/87", "NationalID":"507-54-5810", "BaseSalary":"34332", "Bonus":"3433", "Department":"R&D", "Status":"Active - Regular Exempt (Full-time)", "ManagerGUID":"695fdc37-42f1-4c19-9ba1-c4fe87454041", "point":{"lat":41.764295, "long":-99.832946}, "HiredDate":"2021-09-25"}