{"GUID":"fd533a5e-0aba-40a1-9a1e-01945058195b", "Gender":"male", "Title":"Mr.", "GivenName":"Rick", "MiddleInitial":"C", "Surname":"Jones", "StreetAddress":"4803 Tyler Avenue", "City":"Ft Lauderdale", "State":"FL", "ZipCode":"33311", "Country":"US", "EmailAddress":"RickCJones@fleckens.hu", "TelephoneNumber":"305-333-4484", "TelephoneCountryCode":"1", "Birthday":"12/26/60", "NationalID":"592-81-0123", "BaseSalary":"20340", "Bonus":"2034", "Department":"Sales", "Status":"Active - Regular Exempt (Full-time)", "ManagerGUID":"07bb968f-e95e-4c40-8889-d88ba6b369d0", "point":{"lat":26.047865, "long":-80.197333}, "HiredDate":"2014-08-07"}