{"GUID":"fd9a4ac8-227d-44cc-950f-eeae0fc1546a", "Gender":"female", "Title":"Ms.", "GivenName":"Mabel", "MiddleInitial":"R", "Surname":"Maul", "StreetAddress":"868 Scenicview Drive", "City":"Bellevue", "State":"WA", "ZipCode":"98004", "Country":"US", "EmailAddress":"MabelRMaul@teleworm.us", "TelephoneNumber":"425-990-4968", "TelephoneCountryCode":"1", "Birthday":"10/28/47", "NationalID":"535-15-5105", "BaseSalary":"60754", "Bonus":"6075", "Department":"Sales", "Status":"Active - Regular Exempt (Full-time)", "ManagerGUID":"07bb968f-e95e-4c40-8889-d88ba6b369d0", "point":{"lat":47.565447, "long":-122.171476}, "HiredDate":"2013-10-29"}