{"GUID":"fe0768e9-96a5-4586-a645-1817a3c6a684", "Gender":"male", "Title":"Mr.", "GivenName":"David", "MiddleInitial":"T", "Surname":"Luckey", "StreetAddress":"1174 Paradise Lane", "City":"Pomona", "State":"CA", "ZipCode":"91766", "Country":"US", "EmailAddress":"DavidTLuckey@fleckens.hu", "TelephoneNumber":"909-635-3107", "TelephoneCountryCode":"1", "Birthday":"7/31/76", "NationalID":"551-51-2614", "BaseSalary":"66426", "Bonus":"6643", "Department":"Marketing", "Status":"Active - Regular Exempt (Full-time)", "ManagerGUID":"d0862e5d-5be6-473b-a500-3e3a852b2bb8", "point":{"lat":33.959751, "long":-117.722736}, "HiredDate":"2013-10-19"}