{"GUID":"fe9c78c6-fd2d-43e1-880f-de4e1896fbd4", "Gender":"male", "Title":"Mr.", "GivenName":"Robert", "MiddleInitial":"P", "Surname":"Scalf", "StreetAddress":"1236 Pearl Street", "City":"North Highlands", "State":"CA", "ZipCode":"95659", "Country":"US", "EmailAddress":"RobertPScalf@teleworm.us", "TelephoneNumber":"916-331-2937", "TelephoneCountryCode":"1", "Birthday":"1/30/93", "NationalID":"564-55-4584", "BaseSalary":"59415", "Bonus":"5942", "Department":"R&D", "Status":"Active - Regular Exempt (Full-time)", "ManagerGUID":"695fdc37-42f1-4c19-9ba1-c4fe87454041", "point":{"lat":38.701838, "long":-121.317326}, "HiredDate":"2022-08-17"}