{"GUID":"fee2dba6-24e9-4f0b-81c5-bc540d43cf1e", "Gender":"female", "Title":"Ms.", "GivenName":"Ashley", "MiddleInitial":"R", "Surname":"Porter", "StreetAddress":"1971 Boone Street", "City":"Cuero", "State":"TX", "ZipCode":"77954", "Country":"US", "EmailAddress":"AshleyRPorter@dayrep.com", "TelephoneNumber":"361-277-2560", "TelephoneCountryCode":"1", "Birthday":"11/5/83", "NationalID":"634-62-3243", "BaseSalary":"72360", "Bonus":"7236", "Department":"Marketing", "Status":"Active - Regular Exempt (Full-time)", "ManagerGUID":"d0862e5d-5be6-473b-a500-3e3a852b2bb8", "point":{"lat":29.129717, "long":-97.194853}, "HiredDate":"2014-06-05"}