{"GUID":"ff1f26bf-6517-435c-9efc-67f655b68fb8", "Gender":"male", "Title":"Mr.", "GivenName":"Bernard", "MiddleInitial":"C", "Surname":"Smith", "StreetAddress":"2721 Hewes Avenue", "City":"Linthicum Heights", "State":"MD", "ZipCode":"21090", "Country":"US", "EmailAddress":"BernardCSmith@jourrapide.com", "TelephoneNumber":"443-687-5059", "TelephoneCountryCode":"1", "Birthday":"7/23/66", "NationalID":"220-56-9168", "BaseSalary":"79776", "Bonus":"7978", "Department":"Sales", "Status":"Active - Regular Exempt (Full-time)", "ManagerGUID":"07bb968f-e95e-4c40-8889-d88ba6b369d0", "point":{"lat":39.262245, "long":-76.765253}, "HiredDate":"2012-02-03"}