{"GUID":"ff675757-929a-40fd-871f-5bf0a1e8888a", "Gender":"female", "Title":"Ms.", "GivenName":"Penny", "MiddleInitial":"R", "Surname":"Astorga", "StreetAddress":"651 Lynch Street", "City":"De Pere", "State":"WI", "ZipCode":"54115", "Country":"US", "EmailAddress":"PennyRAstorga@gustr.com", "TelephoneNumber":"920-983-9633", "TelephoneCountryCode":"1", "Birthday":"5/19/48", "NationalID":"398-64-4974", "BaseSalary":"90893", "Bonus":"9089", "Department":"Engineering", "Status":"Active - Regular Exempt (Full-time)", "ManagerGUID":"3ad0ffbc-3ade-4897-902b-718417a721f5", "point":{"lat":44.416859, "long":-88.085634}, "HiredDate":"2013-05-01"}