{"GUID":"ff78e34e-e74b-415f-87d9-21f90a99f4c6", "Gender":"male", "Title":"Mr.", "GivenName":"Willis", "MiddleInitial":"R", "Surname":"Campbell", "StreetAddress":"1932 Pallet Street", "City":"New York", "State":"NY", "ZipCode":"10013", "Country":"US", "EmailAddress":"WillisRCampbell@dayrep.com", "TelephoneNumber":"914-309-1430", "TelephoneCountryCode":"1", "Birthday":"12/23/86", "NationalID":"133-66-0773", "BaseSalary":"93715", "Bonus":"9372", "Department":"Engineering", "Status":"Active - Regular Exempt (Full-time)", "ManagerGUID":"3ad0ffbc-3ade-4897-902b-718417a721f5", "point":{"lat":40.758802, "long":-74.088286}, "HiredDate":"2015-03-10"}